{
  "properties": {
    "connectionReferences": {
      "shared_sharepointonline-1": {
        "api": {
          "name": "shared_sharepointonline"
        },
        "connection": {
          "connectionReferenceLogicalName": "fa_sharedsharepointonline_be196"
        },
        "runtimeSource": "embedded"
      },
      "shared_office365": {
        "api": {
          "name": "shared_office365"
        },
        "connection": {
          "connectionReferenceLogicalName": "new_office365outlook"
        },
        "runtimeSource": "embedded"
      }
    },
    "definition": {
      "$schema": "https://schema.management.azure.com/providers/Microsoft.Logic/schemas/2016-06-01/workflowdefinition.json#",
      "contentVersion": "1.0.0.0",
      "parameters": {
        "$authentication": {
          "defaultValue": {},
          "type": "SecureObject"
        },
        "$connections": {
          "defaultValue": {},
          "type": "Object"
        },
        "TDD Solution Site URL (fa_TDDSolutionSite)": {
          "defaultValue": "https://autonomateio.sharepoint.com/sites/FemiSandbox",
          "type": "String",
          "metadata": {
            "schemaName": "fa_TDDSolutionSite",
            "description": "The URL of the SharePoint site where the solution ZIP files and documentation folders are located. Used to connect to SharePoint for both monitoring the solution upload folder and creating documentation folders."
          }
        },
        "TDD Document Library (fa_TDDSolutionDocumentfolder)": {
          "defaultValue": "2265ed39-e0de-4e9b-884b-c9f5f51ca7ab",
          "type": "String",
          "metadata": {
            "schemaName": "fa_TDDSolutionDocumentfolder",
            "description": "The name, (depending on the SharePoint connector configuration) of the SharePoint Document Library where solution ZIP files and generated documentation are stored. This helps the workflow target the correct library within the SharePoint site."
          }
        },
        "Solution Upload Folder Path (fa_SolutionFolderpath)": {
          "defaultValue": "/Shared Documents/Solutions Folder",
          "type": "String",
          "metadata": {
            "schemaName": "fa_SolutionFolderpath",
            "description": "The path within the SharePoint document library where solution ZIP files are uploaded. The workflow monitors this folder for new files to trigger documentation generation."
          }
        },
        "Documentation Output Folder Name (fa_Generateddocumentfolderpath)": {
          "defaultValue": "Solutions generated document folder",
          "type": "String",
          "metadata": {
            "schemaName": "fa_Generateddocumentfolderpath",
            "description": "The name of the folder that will be created within the SharePoint document library to store the generated documentation for each solution."
          }
        }
      },
      "triggers": {
        "When_a_file_is_created_(properties_only)": {
          "type": "OpenApiConnection",
          "inputs": {
            "parameters": {
              "dataset": "@parameters('TDD Solution Site URL (fa_TDDSolutionSite)')",
              "table": "@parameters('TDD Document Library (fa_TDDSolutionDocumentfolder)')",
              "folderPath": "@parameters('Solution Upload Folder Path (fa_SolutionFolderpath)')"
            },
            "host": {
              "apiId": "/providers/Microsoft.PowerApps/apis/shared_sharepointonline",
              "operationId": "GetOnNewFileItems",
              "connectionName": "shared_sharepointonline-1"
            }
          },
          "recurrence": {
            "interval": 1,
            "frequency": "Minute"
          },
          "splitOn": "@triggerOutputs()?['body/value']",
          "metadata": {
            "operationMetadataId": "73e6368b-068d-4446-b2c3-5f70735850cf"
          }
        }
      },
      "actions": {
        "Compose_-_Uploaded_Solution_File_Name": {
          "type": "Compose",
          "inputs": "@triggerBody()?['{Name}']",
          "runAfter": {},
          "metadata": {
            "operationMetadataId": "d8ecf791-8d27-4e2e-902f-8c5261722a90"
          }
        },
        "Compose_-_Documentation_Folder_Path": {
          "type": "Compose",
          "inputs": "@{parameters('Documentation Output Folder Name (fa_Generateddocumentfolderpath)')}/@{triggerBody()?['{Name}']}",
          "runAfter": {
            "Compose_-_Uploaded_Solution_File_Name": [
              "Succeeded"
            ]
          },
          "metadata": {
            "operationMetadataId": "d8ecf791-8d27-4e2e-902f-8c5261722a90"
          }
        },
        "Compose_-_Uploaded_Solution_File_ID": {
          "type": "Compose",
          "inputs": "@triggerBody()?['{Identifier}']",
          "runAfter": {
            "Compose_-_Documentation_Folder_Path": [
              "Succeeded"
            ]
          },
          "metadata": {
            "operationMetadataId": "7203c308-b982-4a7d-9f70-b417bc6740d6"
          }
        },
        "Create_new_folder_-_Documentation_Folder": {
          "type": "OpenApiConnection",
          "inputs": {
            "parameters": {
              "dataset": "@parameters('TDD Solution Site URL (fa_TDDSolutionSite)')",
              "table": "@parameters('TDD Document Library (fa_TDDSolutionDocumentfolder)')",
              "parameters/path": "@outputs('Compose_-_Documentation_Folder_Path')"
            },
            "host": {
              "apiId": "/providers/Microsoft.PowerApps/apis/shared_sharepointonline",
              "operationId": "CreateNewFolder",
              "connectionName": "shared_sharepointonline-1"
            }
          },
          "runAfter": {
            "Compose_-_Uploaded_Solution_File_ID": [
              "Succeeded"
            ]
          },
          "metadata": {
            "operationMetadataId": "cea39d3b-9064-4081-a4bf-e4d8d2180758"
          }
        },
        "Run_a_Child_Flow_-_Process_Desktop_Flows": {
          "type": "Workflow",
          "inputs": {
            "host": {
              "workflowReferenceName": "5e364eb7-53dc-ef11-a730-0022483f293a"
            },
            "body": {
              "text": "@outputs('Compose_-_Uploaded_Solution_File_ID')",
              "text_1": "@outputs('Compose_-_Document_Destination_Folder_path')",
              "text_2": "@outputs('Compose_-_Uploaded_Solution_File_Name')"
            }
          },
          "runAfter": {
            "Compose_-_Document_Destination_Folder_path": [
              "Succeeded"
            ]
          },
          "metadata": {
            "operationMetadataId": "8e23668f-0d54-4e57-8301-09e1852e8838"
          }
        },
        "Compose_-_Document_Destination_Folder_path": {
          "type": "Compose",
          "inputs": "/@{outputs('Create_new_folder_-_Documentation_Folder')?['body/{FullPath}']}",
          "runAfter": {
            "Create_new_folder_-_Documentation_Folder": [
              "Succeeded"
            ]
          },
          "metadata": {
            "operationMetadataId": "78f60677-b47b-4ced-9fb0-074cab85df18"
          }
        },
        "Send_an_email_(V2)": {
          "type": "OpenApiConnection",
          "inputs": {
            "parameters": {
              "emailMessage/To": "@triggerBody()?['Author/Email']",
              "emailMessage/Subject": "@{outputs('Compose_-_Successful_Documentation_Mail_Subject')}@{outputs('Compose_-_Failed_Documentation_Mail_Subject')}",
              "emailMessage/Body": "<p class=\"editor-paragraph\">@{outputs('Compose_-_Successful_Documentation_Mail_Body')}@{outputs('Compose_-_Failed_Documentation_Mail_Body')}</p>",
              "emailMessage/Importance": "Normal"
            },
            "host": {
              "apiId": "/providers/Microsoft.PowerApps/apis/shared_office365",
              "operationId": "SendEmailV2",
              "connectionName": "shared_office365"
            }
          },
          "runAfter": {
            "Compose_-_Successful_Documentation_Mail_Body": [
              "SUCCEEDED",
              "SKIPPED"
            ],
            "Compose_-_Failed_Documentation_Mail_Body": [
              "SUCCEEDED",
              "SKIPPED"
            ]
          }
        },
        "Compose_-_Successful_Documentation_Mail_Subject": {
          "type": "Compose",
          "inputs": "@{outputs('Compose_-_Uploaded_Solution_File_Name')} has been successfully documented",
          "runAfter": {
            "Run_a_Child_Flow_-_Process_Desktop_Flows": [
              "SUCCEEDED"
            ]
          }
        },
        "Compose_-_Successful_Documentation_Mail_Body": {
          "type": "Compose",
          "inputs": "Hi @{triggerBody()?['Author/DisplayName']},\n@{outputs('Compose_-_Uploaded_Solution_File_Name')} solution has been successfully documented.\nLink to folder: @{outputs('Create_new_folder_-_Documentation_Folder')?['body/{Link}']}\nRegards",
          "runAfter": {
            "Compose_-_Successful_Documentation_Mail_Subject": [
              "SUCCEEDED"
            ]
          }
        },
        "Compose_-_Failed_Documentation_Mail_Subject": {
          "type": "Compose",
          "inputs": "Error: Documentation for @{outputs('Compose_-_Uploaded_Solution_File_Name')} has failed",
          "runAfter": {
            "Run_a_Child_Flow_-_Process_Desktop_Flows": [
              "FAILED",
              "TIMEDOUT"
            ]
          }
        },
        "Compose_-_Failed_Documentation_Mail_Body": {
          "type": "Compose",
          "inputs": "Hi @{triggerBody()?['Author/DisplayName']},\nDocumentation for @{outputs('Compose_-_Uploaded_Solution_File_Name')} solution has failed.\nLink to folder: @{outputs('Create_new_folder_-_Documentation_Folder')?['body/{Link}']}\nRegards,",
          "runAfter": {
            "Compose_-_Failed_Documentation_Mail_Subject": [
              "SUCCEEDED"
            ]
          }
        }
      }
    },
    "templateName": null
  },
  "schemaVersion": "1.0.0.0"
}