{
  "properties": {
    "connectionReferences": {},
    "definition": {
      "$schema": "https://schema.management.azure.com/providers/Microsoft.Logic/schemas/2016-06-01/workflowdefinition.json#",
      "contentVersion": "1.0.0.0",
      "parameters": {
        "$authentication": {
          "defaultValue": {},
          "type": "SecureObject"
        }
      },
      "triggers": {
        "manual": {
          "metadata": {
            "operationMetadataId": "eaf9d0f3-6b65-4fb3-a1d6-bcc40913dad7"
          },
          "type": "Request",
          "kind": "Button",
          "inputs": {
            "schema": {
              "type": "object",
              "properties": {
                "text": {
                  "title": "Entire Flow Text",
                  "type": "string",
                  "x-ms-dynamically-added": true,
                  "description": "Please enter your input",
                  "x-ms-content-hint": "TEXT"
                }
              },
              "required": [
                "text"
              ]
            }
          }
        }
      },
      "actions": {
        "Compose_-_Entire_Flow_Text_Input": {
          "runAfter": {},
          "metadata": {
            "operationMetadataId": "8d0cd9c6-4b64-4426-b055-3ab3f7dfbb30"
          },
          "type": "Compose",
          "inputs": "@triggerBody()['text']"
        },
        "Scope_-_Generate_Entire_Flow_Overview_and_Recommendations": {
          "actions": {
            "Compose_-_AI_Prompt_-_Entire_Flow_Overview_and_Recommendations": {
              "runAfter": {},
              "metadata": {
                "operationMetadataId": "4656b582-f01e-461a-bce7-e6ad98ca2397"
              },
              "type": "Compose",
              "inputs": "Using this code write-up:\n\n@{outputs('Compose_-_Entire_Flow_Text_Input')}\n\nReturn a single JSON object with exactly the following structure for the entire code, without any additional commentary or assumptions:\n\n{\n  \"Overview\": \"Provide a concise paragraph that describes the entire process represented by the code.\",\n\"Improvement Recommendation\":\"Provide a paragraph that describes the various possible improvements for the entire process represented by the code.\"\n}\n\nAdditional Notes:\n1. The 'DesktopFlow Name' for each section is written immediately after the text 'Desktop Flow Name:' in the code write-up.\n2. Do not add any extra keys or commentary—output only the JSON object with the structure and values as described."
            },
            "Run_a_Child_Flow_-_AI_Request_for_Entire_Flow_Overview_and_Recs": {
              "runAfter": {
                "Compose_-_AI_Prompt_-_Entire_Flow_Overview_and_Recommendations": [
                  "Succeeded"
                ]
              },
              "metadata": {
                "operationMetadataId": "6ecf9325-42b3-4752-ae22-7d4e1aa3be47"
              },
              "type": "Workflow",
              "inputs": {
                "host": {
                  "workflowReferenceName": "cdc0ea36-49e0-ef11-be21-0022483f293a"
                },
                "body": {
                  "text": "@outputs('Compose_-_AI_Prompt_-_Entire_Flow_Overview_and_Recommendations')",
                  "text_1": "Entire Flow Text Generation",
                  "text_2": "Entire Flow Text Generation"
                }
              }
            },
            "Compose_-_AI_Output_-_Entire_Flow_Overview_and_Recommendations": {
              "runAfter": {
                "Run_a_Child_Flow_-_AI_Request_for_Entire_Flow_Overview_and_Recs": [
                  "Succeeded"
                ]
              },
              "metadata": {
                "operationMetadataId": "b3df8866-c732-429d-9ec9-f5b7a51efe2a"
              },
              "type": "Compose",
              "inputs": "@body('Run_a_Child_Flow_-_AI_Request_for_Entire_Flow_Overview_and_Recs')?['ai_output']"
            }
          },
          "runAfter": {
            "Compose_-_Entire_Flow_Text_Input": [
              "Succeeded"
            ]
          },
          "metadata": {
            "operationMetadataId": "4de2a8e7-2146-420f-8ab4-cf2bdae338eb"
          },
          "type": "Scope"
        },
        "Respond_to_a_Power_App_or_flow": {
          "runAfter": {
            "Scope_-_Generate_Entire_Flow_Overview_and_Recommendations": [
              "Succeeded"
            ]
          },
          "metadata": {
            "operationMetadataId": "564a30ae-0d52-4406-bbb3-2ed1b6ae0b90"
          },
          "type": "Response",
          "kind": "PowerApp",
          "inputs": {
            "statusCode": 200,
            "body": {
              "entire_flow_json": "@{outputs('Compose_-_AI_Output_-_Entire_Flow_Overview_and_Recommendations')}"
            },
            "schema": {
              "type": "object",
              "properties": {
                "entire_flow_json": {
                  "title": "Entire Flow json",
                  "x-ms-dynamically-added": true,
                  "type": "string"
                }
              }
            }
          }
        }
      }
    },
    "templateName": ""
  },
  "schemaVersion": "1.0.0.0"
}