{
  "properties": {
    "connectionReferences": {
      "shared_sharepointonline-1": {
        "runtimeSource": "embedded",
        "connection": {
          "connectionReferenceLogicalName": "fa_sharedsharepointonline_be196"
        },
        "api": {
          "name": "shared_sharepointonline"
        }
      }
    },
    "definition": {
      "$schema": "https://schema.management.azure.com/providers/Microsoft.Logic/schemas/2016-06-01/workflowdefinition.json#",
      "contentVersion": "1.0.0.0",
      "parameters": {
        "$connections": {
          "defaultValue": {},
          "type": "Object"
        },
        "$authentication": {
          "defaultValue": {},
          "type": "SecureObject"
        },
        "TDD Solution Site URL (fa_TDDSolutionSite)": {
          "defaultValue": "https://autonomateio.sharepoint.com/sites/FemiSandbox",
          "type": "String",
          "metadata": {
            "schemaName": "fa_TDDSolutionSite",
            "description": "The URL of the SharePoint site where the solution ZIP files and documentation folders are located. Used to connect to SharePoint for both monitoring the solution upload folder and creating documentation folders."
          }
        },
        "TDD Document Library (fa_TDDSolutionDocumentfolder)": {
          "defaultValue": "2265ed39-e0de-4e9b-884b-c9f5f51ca7ab",
          "type": "String",
          "metadata": {
            "schemaName": "fa_TDDSolutionDocumentfolder",
            "description": "The name, (depending on the SharePoint connector configuration) of the SharePoint Document Library where solution ZIP files and generated documentation are stored. This helps the workflow target the correct library within the SharePoint site."
          }
        }
      },
      "triggers": {
        "manual": {
          "metadata": {
            "operationMetadataId": "e42757a9-e4fe-4eb5-b42c-dec7cfbd2a3d"
          },
          "type": "Request",
          "kind": "Button",
          "inputs": {
            "schema": {
              "type": "object",
              "properties": {
                "text": {
                  "title": "Flow Input",
                  "type": "string",
                  "x-ms-dynamically-added": true,
                  "description": "Please enter your input",
                  "x-ms-content-hint": "TEXT"
                },
                "text_1": {
                  "title": "Flow List Ids",
                  "type": "string",
                  "x-ms-dynamically-added": true,
                  "description": "Please enter your input",
                  "x-ms-content-hint": "TEXT"
                },
                "text_2": {
                  "title": "Flow Name",
                  "type": "string",
                  "x-ms-dynamically-added": true,
                  "description": "Please enter your input",
                  "x-ms-content-hint": "TEXT"
                },
                "text_3": {
                  "description": "Please enter your input",
                  "title": "Destination FolderPath",
                  "type": "string",
                  "x-ms-content-hint": "TEXT",
                  "x-ms-dynamically-added": true
                }
              },
              "required": [
                "text",
                "text_1",
                "text_2",
                "text_3"
              ]
            }
          }
        }
      },
      "actions": {
        "Scope_-_Generate_Documentation_for_Individual_Flow": {
          "actions": {
            "Compose_-_Flow_Input_Data": {
              "runAfter": {},
              "metadata": {
                "operationMetadataId": "9a5aa0c8-6cbf-4d05-ba74-052cb1c8d2a2"
              },
              "type": "Compose",
              "inputs": "@triggerBody()['text']"
            },
            "Compose_-_Flow_ID_List_Input": {
              "runAfter": {
                "Compose_-_Flow_Input_Data": [
                  "Succeeded"
                ]
              },
              "metadata": {
                "operationMetadataId": "53f6d670-5736-43a4-bd46-a2db7c68d0cf"
              },
              "type": "Compose",
              "inputs": "@triggerBody()['text_1']"
            },
            "Compose_-_Flow_Name_Input": {
              "runAfter": {
                "Compose_-_Flow_ID_List_Input": [
                  "Succeeded"
                ]
              },
              "metadata": {
                "operationMetadataId": "53f6d670-5736-43a4-bd46-a2db7c68d0cf"
              },
              "type": "Compose",
              "inputs": "@triggerBody()['text_2']"
            },
            "Run_a_Child_Flow_-_Retrieve_Desktop_flow_info": {
              "runAfter": {
                "Compose_-__Destination_Folder_Path_Input": [
                  "Succeeded"
                ]
              },
              "metadata": {
                "operationMetadataId": "6ecf9325-42b3-4752-ae22-7d4e1aa3be47"
              },
              "type": "Workflow",
              "inputs": {
                "host": {
                  "workflowReferenceName": "6ba16a2e-d6dd-ef11-a730-0022483f293a"
                },
                "body": {
                  "text": "@outputs('Compose_-_Flow_Input_Data')",
                  "text_1": "@outputs('Compose_-_Flow_ID_List_Input')",
                  "text_2": "@outputs('Compose_-_Flow_Name_Input')"
                },
                "retryPolicy": {
                  "type": "fixed",
                  "count": 3,
                  "interval": "PT30S"
                }
              }
            },
            "Compose_-_AI_Prompt_-_Generate_Flow_Text_Description": {
              "runAfter": {
                "Run_a_Child_Flow_-_Retrieve_Desktop_flow_info": [
                  "Succeeded"
                ]
              },
              "metadata": {
                "operationMetadataId": "4656b582-f01e-461a-bce7-e6ad98ca2397"
              },
              "type": "Compose",
              "inputs": "Using this code write-up:\n\n@{body('Run_a_Child_Flow_-_Retrieve_Desktop_flow_info')?['output']}\n\nReturn a single JSON object with the following structure for the entire code:\nNo presumptions, clearly state as is.\n\n{\n  \"Flow Name\": \"The name of the flow.\",\n  \"Overview\": \"A detailed introduction and description of the flow's purpose and its role within the larger system.\",\n  \"External Infrastructure Used\": \"Provide a list (of strings) of websites, applications, or APIs utilized by the flow.\",\n  \"Input Variables\": \"Provide a list (an array) of JSON objects representing each Input variable used in the code. Each JSON object must contain exactly these keys: 'Item No' and 'Name'. The value for 'Name' should be the exact variable name as it appears in the code\",\n  \"Output Variables\": \"Provide a list (an array) of JSON objects representing each Output variable used in the code. Each JSON object must contain exactly these keys:  'Item No' and 'Name'. The value for 'Name' should be the exact variable name as it appears in the code\",\n  \"External Desktop flow Dependencies\": \"Provide a list (of strings)  of all external desktop flows or systems this flow depends on.\",\n  \"Core Logic\": \"Provide a well detailed breakdown of the key sections of the flow and their purposes, written in multi-paragraph form.\",\n  \"Error Handling\": \"Provide a list (of strings) of the error handling strategies implemented within the flow.\",\n  \"Connection References\": \"Provide a list (of strings) of the Display name of all connection references used in the flow.\",\n  \"BusinessException\": \"Provide a list (an array) of JSON objects representing each Business Exception (BE) found in the code. Each JSON object must contain exactly these keys: 'Item No' and 'BE Name' . The 'BE Name' value should be the exact Business Exception name as it appears in the code\",\n  \"SystemException\": \"Provide a list (an array) of JSON objects representing each System Exception (SE) found in the code. Each JSON object must contain exactly these keys: 'Item No' and 'SE Name' . The 'SE Name' value should be the exact System Exception name as it appears in the code\"\n}\n\nAdditional Notes:\n1. The 'DesktopFlow Name' for each section is provided immediately after \"Desktop Flow Name:\" in the code write-up.\n2. If a Business Exception (BE) is present in multiple locations, list each occurrence separately as its own JSON object without summarizing.\n3. If a System Exception (SE) is present in multiple locations, list each occurrence separately as its own JSON object without summarizing."
            },
            "Scope_-_Check_if_SVG_file_has_been_created": {
              "actions": {
                "Get_file_metadata_using_path_-_if_file_already_exists": {
                  "runAfter": {},
                  "metadata": {
                    "operationMetadataId": "07214309-bbce-4a10-92a7-422b32c7ce98"
                  },
                  "type": "OpenApiConnection",
                  "inputs": {
                    "host": {
                      "connectionName": "shared_sharepointonline-1",
                      "operationId": "GetFileMetadataByPath",
                      "apiId": "/providers/Microsoft.PowerApps/apis/shared_sharepointonline"
                    },
                    "parameters": {
                      "dataset": "@parameters('TDD Solution Site URL (fa_TDDSolutionSite)')",
                      "path": "@{outputs('Compose_-__Destination_Folder_Path_Input')}/@{outputs('Compose_-_Flow_Name_Input')}.svg"
                    },
                    "authentication": {
                      "type": "Raw",
                      "value": "@json(decodeBase64(triggerOutputs().headers['X-MS-APIM-Tokens']))['$ConnectionKey']"
                    }
                  }
                },
                "Compose_-_AI_Prompt_-_Generate_Flowchart_DOT_Code": {
                  "runAfter": {
                    "Get_file_metadata_using_path_-_if_file_already_exists": [
                      "Failed"
                    ]
                  },
                  "metadata": {
                    "operationMetadataId": "4656b582-f01e-461a-bce7-e6ad98ca2397"
                  },
                  "type": "Compose",
                  "inputs": "Using this code write-up:\n\n@{body('Run_a_Child_Flow_-_Retrieve_Desktop_flow_info')?['output']}\n\nReturn a single JSON object with the following structure for the entire code:\n\n{\n   \"DOT Graphviz Code\": \"Generate DOT Graphviz code representing the flow with the following guidelines:\n      - Global Style:\n         - Use `rankdir=TB` to set a top-to-bottom flow direction.\n         - Define the default style for all nodes with: `node [shape=box, style=\\\"rounded,filled\\\", fillcolor=lightblue];`.\n      - Handling Subflows:\n         - For each `Subflow` and `End Subflow`:\n            - Create a separate box (outside the main flow) to represent the detailed logic of the Subflow.\n            - Enclose the detailed logic in a `subgraph cluster_<SubflowName>` with the cluster labeled as the Subflow name.\n            - In the main flow, represent the Subflow as a single node (a box) labeled with the Subflow name.\n            - Connect the main flow node representing the Subflow to the cluster representing the Subflow logic with a dotted edge.\n      - Handling Regions:\n         - All lines of code within a `Region` and `End Region` should be represented as a subgraph named `subgraph cluster_<RegionName>` and labeled appropriately.\n         - Nest region subgraphs within corresponding Subflow clusters if applicable.\n      - Shapes for Components:\n         - Conditions/IF statements: diamond shapes.\n         - Actions: box shapes.\n         - Wait steps: ellipse shapes.\n         - Start/End nodes: oval shapes.\n         - Subflows, references, and run desktopflows: parallelogram shapes.\n         - Error handling: box shapes with `fillcolor=lightcoral`.\n      - Edge Styles:\n         - Use dotted edges for paths labeled 'False', 'Exception', or 'Error'.\n         - Keep edges unlabeled unless necessary.\n      - Simplified Text: Rewrite overly technical descriptions of actions\n         - Use concise, human-readable text for node labels (e.g., 'IF Webpage contains' instead of verbose technical names).\n      - Flow Hierarchy:\n         - Connect nodes logically within and across clusters, ensuring a clean, organized flow.\n      - Consistency:\n         - Maintain a consistent style and formatting across the diagram.\n      - Ensure that in all subgraph and node definitions, multiple attributes are separated with semicolons (e.g., style=filled; fillcolor=lightgrey;), not commas. Example:  subgraph cluster_example {  label = \"Example\";  style=filled;\n  fillcolor=lightgrey; }\n\n      **Simplification for Documentation:**\n         - Simplify the visual presentation for documentation by reducing unnecessary details. \n         - Represent each Subflow as a single node in the main flow (with detailed logic optionally in a summarized subgraph) and consolidate regions so that only high-level boundaries are shown.\n         - Use minimal labels and remove redundant or overly technical details while preserving the true code structure.\n         - The simplified diagram must retain the complete code flow without altering the underlying code structure.\n   \"\n}\n\n"
                },
                "Run_a_Child_Flow_-_AI_Flowchart_DOT_Code_Generation": {
                  "runAfter": {
                    "Compose_-_AI_Prompt_-_Generate_Flowchart_DOT_Code": [
                      "Succeeded"
                    ]
                  },
                  "metadata": {
                    "operationMetadataId": "6ecf9325-42b3-4752-ae22-7d4e1aa3be47"
                  },
                  "type": "Workflow",
                  "inputs": {
                    "host": {
                      "workflowReferenceName": "cdc0ea36-49e0-ef11-be21-0022483f293a"
                    },
                    "body": {
                      "text": "@outputs('Compose_-_AI_Prompt_-_Generate_Flowchart_DOT_Code')",
                      "text_1": "@outputs('Compose_-_Flow_Name_Input')",
                      "text_2": "Unit Flowchart Generation"
                    },
                    "retryPolicy": {
                      "type": "fixed",
                      "count": 2,
                      "interval": "PT30S"
                    }
                  }
                },
                "Compose_-_Graphviz_DOT_Code_Output": {
                  "runAfter": {
                    "Run_a_Child_Flow_-_AI_Flowchart_DOT_Code_Generation": [
                      "Succeeded"
                    ]
                  },
                  "metadata": {
                    "operationMetadataId": "df3612e6-7827-48c6-b96a-1c10b4d326ea"
                  },
                  "type": "Compose",
                  "inputs": "@json(body('Run_a_Child_Flow_-_AI_Flowchart_DOT_code_Generation')?['ai_output'])?['DOT Graphviz Code']"
                },
                "Run_a_Child_Flow_-_Generate_Flowchart_SVG": {
                  "runAfter": {
                    "Compose_-_Graphviz_DOT_Code_Output": [
                      "Succeeded"
                    ]
                  },
                  "limit": {
                    "timeout": "PT300S"
                  },
                  "metadata": {
                    "operationMetadataId": "6ecf9325-42b3-4752-ae22-7d4e1aa3be47"
                  },
                  "type": "Workflow",
                  "inputs": {
                    "host": {
                      "workflowReferenceName": "db56444c-1ce4-ef11-be20-0022483f293a"
                    },
                    "body": {
                      "text": "@outputs('Compose_-_Graphviz_DOT_Code_Output')",
                      "text_1": "@outputs('Compose_-_Flow_Name_Input')",
                      "text_2": "@outputs('Compose_-__Destination_Folder_Path_Input')"
                    },
                    "retryPolicy": {
                      "type": "fixed",
                      "count": 3,
                      "interval": "PT20S"
                    }
                  }
                },
                "Get_file_properties_-_For_Existing_SVG_File": {
                  "runAfter": {
                    "Get_file_metadata_using_path_-_if_file_already_exists": [
                      "Succeeded"
                    ]
                  },
                  "metadata": {
                    "operationMetadataId": "8db1bdd5-d7cf-43c1-99ba-e0a1319fb84a"
                  },
                  "type": "OpenApiConnection",
                  "inputs": {
                    "host": {
                      "connectionName": "shared_sharepointonline-1",
                      "operationId": "GetFileItem",
                      "apiId": "/providers/Microsoft.PowerApps/apis/shared_sharepointonline"
                    },
                    "parameters": {
                      "dataset": "@parameters('TDD Solution Site URL (fa_TDDSolutionSite)')",
                      "table": "@parameters('TDD Document Library (fa_TDDSolutionDocumentfolder)')",
                      "id": "@outputs('Get_file_metadata_using_path_-_if_file_already_exists')?['body/ItemId']"
                    },
                    "authentication": {
                      "type": "Raw",
                      "value": "@json(decodeBase64(triggerOutputs().headers['X-MS-APIM-Tokens']))['$ConnectionKey']"
                    }
                  }
                }
              },
              "runAfter": {
                "Run_a_Child_Flow_-_AI_Text_Generation_for_Flow": [
                  "Succeeded"
                ]
              },
              "metadata": {
                "operationMetadataId": "614f87f7-70fe-4ae4-a077-e3de1915a58d"
              },
              "type": "Scope"
            },
            "Compose_-__Destination_Folder_Path_Input": {
              "runAfter": {
                "Compose_-_Flow_Name_Input": [
                  "Succeeded"
                ]
              },
              "metadata": {
                "operationMetadataId": "e43caab9-fa5f-4492-a950-c14f983997f0"
              },
              "type": "Compose",
              "inputs": "@triggerBody()?['text_3']"
            },
            "Run_a_Child_Flow_-_AI_Text_Generation_for_Flow": {
              "runAfter": {
                "Compose_-_AI_Prompt_-_Generate_Flow_Text_Description": [
                  "Succeeded"
                ]
              },
              "metadata": {
                "operationMetadataId": "6ecf9325-42b3-4752-ae22-7d4e1aa3be47"
              },
              "type": "Workflow",
              "inputs": {
                "host": {
                  "workflowReferenceName": "cdc0ea36-49e0-ef11-be21-0022483f293a"
                },
                "body": {
                  "text": "@outputs('Compose_-_AI_Prompt_-_Generate_Flow_Text_Description')",
                  "text_1": "@outputs('Compose_-_Flow_Name_Input')",
                  "text_2": "Unit Flow Text Generation"
                },
                "retryPolicy": {
                  "type": "fixed",
                  "count": 3,
                  "interval": "PT20S"
                }
              }
            },
            "Compose_-_SVG_Link": {
              "runAfter": {
                "Scope_-_Check_if_SVG_file_has_been_created": [
                  "Succeeded",
                  "Failed",
                  "TimedOut"
                ]
              },
              "metadata": {
                "operationMetadataId": "18c549a2-4b64-4be6-9f2f-269c5dd2d48e"
              },
              "type": "Compose",
              "inputs": "@{body('Run_a_Child_Flow_-_Generate_Flowchart_SVG')?['link_to_svg_file']}@{outputs('Get_file_properties_-_For_Existing_SVG_File')?['body/{Link}']}",
              "description": "Only one Diagram link can be true"
            }
          },
          "runAfter": {},
          "metadata": {
            "operationMetadataId": "671fabe1-13c9-460b-9120-5cacdde934c1"
          },
          "type": "Scope"
        },
        "Respond_to_a_Power_App_or_flow": {
          "runAfter": {
            "Scope_-_Generate_Documentation_for_Individual_Flow": [
              "Succeeded",
              "Skipped",
              "Failed",
              "TimedOut"
            ]
          },
          "metadata": {
            "operationMetadataId": "baf70d7d-68b4-4fa3-84a2-aacb8bdcdaec"
          },
          "type": "Response",
          "kind": "PowerApp",
          "inputs": {
            "statusCode": 200,
            "body": {
              "flow_text": "@{body('Run_a_Child_Flow_-_Retrieve_Desktop_flow_info')?['output']}",
              "diagram_link": "@{outputs('Compose_-_SVG_Link')}",
              "flow_json": "@{body('Run_a_Child_Flow_-_AI_Text_Generation_for_Flow')?['ai_output']}"
            },
            "schema": {
              "type": "object",
              "properties": {
                "flow_text": {
                  "title": "Flow Text",
                  "x-ms-dynamically-added": true,
                  "type": "string"
                },
                "diagram_link": {
                  "title": "Diagram Link",
                  "x-ms-dynamically-added": true,
                  "type": "string"
                },
                "flow_json": {
                  "title": "Flow json",
                  "x-ms-dynamically-added": true,
                  "type": "string"
                }
              }
            }
          }
        }
      }
    },
    "templateName": ""
  },
  "schemaVersion": "1.0.0.0"
}