{
  "properties": {
    "connectionReferences": {},
    "definition": {
      "$schema": "https://schema.management.azure.com/providers/Microsoft.Logic/schemas/2016-06-01/workflowdefinition.json#",
      "contentVersion": "1.0.0.0",
      "parameters": {
        "$authentication": {
          "defaultValue": {},
          "type": "SecureObject"
        }
      },
      "triggers": {
        "manual": {
          "metadata": {
            "operationMetadataId": "f47f7ce1-53f2-438c-8d50-cc45c4eb5f26"
          },
          "type": "Request",
          "kind": "Button",
          "inputs": {
            "schema": {
              "type": "object",
              "properties": {
                "text": {
                  "description": "Please enter your input",
                  "title": "Zip File ID",
                  "type": "string",
                  "x-ms-content-hint": "TEXT",
                  "x-ms-dynamically-added": true
                },
                "text_1": {
                  "description": "Please enter your input",
                  "title": "Destination FolderPath",
                  "type": "string",
                  "x-ms-content-hint": "TEXT",
                  "x-ms-dynamically-added": true
                },
                "text_2": {
                  "description": "Please enter your input",
                  "title": "Document File name",
                  "type": "string",
                  "x-ms-content-hint": "TEXT",
                  "x-ms-dynamically-added": true
                }
              },
              "required": [
                "text",
                "text_1",
                "text_2"
              ]
            }
          }
        }
      },
      "actions": {
        "Compose_-_Customization_XML_as_JSON_Output": {
          "runAfter": {
            "Initialize_variable_-_Business_Exceptions": [
              "Succeeded"
            ]
          },
          "metadata": {
            "operationMetadataId": "bf48b58c-e281-4d78-98b6-71a613ac68bb"
          },
          "type": "Compose",
          "inputs": "@body('Run_a_Child_Flow_-_Extract_Solution_XML_to_JSON')?['json_output']"
        },
        "Run_a_Child_Flow_-_Extract_Solution_XML_to_JSON": {
          "runAfter": {
            "Compose_-_Zip_File_ID_Input": [
              "Succeeded"
            ]
          },
          "metadata": {
            "operationMetadataId": "01595e9e-238c-43fd-8af6-3c965852c029"
          },
          "type": "Workflow",
          "inputs": {
            "host": {
              "workflowReferenceName": "88934fac-3fda-ef11-a730-0022483f293a"
            },
            "body": {
              "text": "@outputs('Compose_-_Zip_File_ID_Input')"
            }
          }
        },
        "Parse_JSON_-_Customization_XML_JSON": {
          "runAfter": {
            "Compose_-_Desktop_flow_category_(Value_6)": [
              "Succeeded"
            ]
          },
          "metadata": {
            "operationMetadataId": "e001d183-e1f2-4189-b1e1-d4c8917c05d4"
          },
          "type": "ParseJson",
          "inputs": {
            "content": "@outputs('Compose_-_Customization_XML_as_JSON_Output')",
            "schema": {
              "type": "object",
              "properties": {
                "ImportExportXml": {
                  "type": "object",
                  "properties": {
                    "@@xmlns:xsi": {
                      "type": "string"
                    },
                    "@@OrganizationVersion": {
                      "type": "string"
                    },
                    "@@OrganizationSchemaType": {
                      "type": "string"
                    },
                    "@@CRMServerServiceabilityVersion": {
                      "type": "string"
                    },
                    "Entities": {
                      "type": "string"
                    },
                    "Roles": {
                      "type": "string"
                    },
                    "Workflows": {
                      "type": "object",
                      "properties": {
                        "Workflow": {
                          "type": "array",
                          "items": {
                            "type": "object",
                            "properties": {
                              "@@WorkflowId": {
                                "type": "string"
                              },
                              "@@Name": {
                                "type": "string"
                              },
                              "JsonFileName": {
                                "type": "string"
                              },
                              "Type": {
                                "type": "string"
                              },
                              "Subprocess": {
                                "type": "string"
                              },
                              "Category": {
                                "type": "string"
                              },
                              "Mode": {
                                "type": "string"
                              },
                              "Scope": {
                                "type": "string"
                              },
                              "OnDemand": {
                                "type": "string"
                              },
                              "TriggerOnCreate": {
                                "type": "string"
                              },
                              "TriggerOnDelete": {
                                "type": "string"
                              },
                              "AsyncAutodelete": {
                                "type": "string"
                              },
                              "SyncWorkflowLogOnFailure": {
                                "type": "string"
                              },
                              "StateCode": {
                                "type": "string"
                              },
                              "StatusCode": {
                                "type": "string"
                              },
                              "RunAs": {
                                "type": "string"
                              },
                              "IsTransacted": {
                                "type": "string"
                              },
                              "IntroducedVersion": {
                                "type": "string"
                              },
                              "IsCustomizable": {
                                "type": "string"
                              },
                              "UIFlowType": {
                                "type": "string"
                              },
                              "IsCustomProcessingStepAllowedForOtherPublishers": {
                                "type": "string"
                              },
                              "Metadata": {
                                "type": "string"
                              },
                              "Inputs": {
                                "type": "string"
                              },
                              "Outputs": {
                                "type": "string"
                              },
                              "Dependencies": {
                                "type": "string"
                              },
                              "ConnectionReferences": {
                                "type": "string"
                              },
                              "Definition": {
                                "type": "string"
                              },
                              "SchemaVersion": {
                                "type": "string"
                              },
                              "DesktopFlowModules": {
                                "type": "string"
                              },
                              "PrimaryEntity": {
                                "type": "string"
                              },
                              "LocalizedNames": {
                                "type": "object",
                                "properties": {
                                  "LocalizedName": {
                                    "type": "object",
                                    "properties": {
                                      "@@languagecode": {
                                        "type": "string"
                                      },
                                      "@@description": {
                                        "type": "string"
                                      }
                                    }
                                  }
                                }
                              },
                              "BusinessProcessType": {
                                "type": "string"
                              }
                            },
                            "required": [
                              "@@WorkflowId",
                              "@@Name",
                              "JsonFileName",
                              "Type",
                              "Subprocess",
                              "Category",
                              "Mode",
                              "Scope",
                              "OnDemand",
                              "TriggerOnCreate",
                              "TriggerOnDelete",
                              "AsyncAutodelete",
                              "SyncWorkflowLogOnFailure",
                              "StateCode",
                              "StatusCode",
                              "RunAs",
                              "IsTransacted",
                              "IntroducedVersion",
                              "IsCustomizable",
                              "IsCustomProcessingStepAllowedForOtherPublishers",
                              "PrimaryEntity",
                              "LocalizedNames"
                            ]
                          }
                        }
                      }
                    },
                    "FieldSecurityProfiles": {
                      "type": "string"
                    },
                    "Templates": {},
                    "EntityMaps": {},
                    "EntityRelationships": {},
                    "OrganizationSettings": {},
                    "optionsets": {},
                    "CustomControls": {},
                    "EntityDataProviders": {},
                    "connectionreferences": {
                      "type": "object",
                      "properties": {
                        "connectionreference": {
                          "type": "array",
                          "items": {
                            "type": "object",
                            "properties": {
                              "@@connectionreferencelogicalname": {
                                "type": "string"
                              },
                              "connectionreferencedisplayname": {
                                "type": "string"
                              },
                              "connectorid": {
                                "type": "string"
                              },
                              "description": {
                                "type": "string"
                              },
                              "iscustomizable": {
                                "type": "string"
                              },
                              "statecode": {
                                "type": "string"
                              },
                              "statuscode": {
                                "type": "string"
                              }
                            },
                            "required": [
                              "@@connectionreferencelogicalname"
                            ]
                          }
                        }
                      }
                    },
                    "workqueues": {
                      "type": "object",
                      "properties": {
                        "workqueue": {
                          "type": "object",
                          "properties": {
                            "@@workqueueid": {
                              "type": "string"
                            },
                            "inputschematype": {
                              "type": "string"
                            },
                            "iscustomizable": {
                              "type": "string"
                            },
                            "itemmaxrequeuecount": {
                              "type": "string"
                            },
                            "itemmaxretrycount": {
                              "type": "string"
                            },
                            "name": {
                              "type": "string"
                            },
                            "prioritytype": {
                              "type": "string"
                            },
                            "statecode": {
                              "type": "string"
                            },
                            "statuscode": {
                              "type": "string"
                            },
                            "workqueuekey": {
                              "type": "string"
                            },
                            "workqueuetype": {
                              "type": "string"
                            }
                          }
                        }
                      }
                    },
                    "Languages": {
                      "type": "object",
                      "properties": {
                        "Language": {
                          "type": "string"
                        }
                      }
                    }
                  }
                }
              }
            }
          }
        },
        "Compose_-_Desktop_flow_category_(Value_6)": {
          "runAfter": {
            "Compose_-_Customization_XML_as_JSON_Output": [
              "Succeeded"
            ]
          },
          "metadata": {
            "operationMetadataId": "cbe7fc74-badd-4f43-9c01-b74f9b44833d"
          },
          "type": "Compose",
          "inputs": 6
        },
        "Filter_array_-_Get_desktop_flows": {
          "runAfter": {
            "Parse_JSON_-_Customization_XML_JSON": [
              "Succeeded"
            ]
          },
          "metadata": {
            "operationMetadataId": "f9ee74c1-9a79-4a74-b511-0f877b67a5f9"
          },
          "type": "Query",
          "inputs": {
            "from": "@body('Parse_JSON_-_Customization_XML_JSON')?['ImportExportXml']?['Workflows']?['Workflow']",
            "where": "@equals(trim(string(item()?['Category'])),string(6))"
          }
        },
        "For_each_-_Desktop_flows": {
          "foreach": "@outputs('Filter_array_-_Get_desktop_flows')['body']",
          "actions": {
            "Scope_-_Process_Individual_Desktop_Flow": {
              "actions": {
                "Compose_-_Individual_Flow_Input": {
                  "runAfter": {},
                  "metadata": {
                    "operationMetadataId": "9a5aa0c8-6cbf-4d05-ba74-052cb1c8d2a2"
                  },
                  "type": "Compose",
                  "inputs": "@string(item())"
                },
                "Compose_-_Flow_ID_List_Input": {
                  "runAfter": {
                    "Compose_-_Individual_Flow_Input": [
                      "Succeeded"
                    ]
                  },
                  "metadata": {
                    "operationMetadataId": "53f6d670-5736-43a4-bd46-a2db7c68d0cf"
                  },
                  "type": "Compose",
                  "inputs": "@string(body('Select_-_Build_Workflow_ID_Replacement_List'))"
                },
                "Compose_-_Individual_Flow_Name": {
                  "runAfter": {
                    "Compose_-_Flow_ID_List_Input": [
                      "Succeeded"
                    ]
                  },
                  "metadata": {
                    "operationMetadataId": "53f6d670-5736-43a4-bd46-a2db7c68d0cf"
                  },
                  "type": "Compose",
                  "inputs": "@items('For_each_-_Desktop_flows')?['@Name']"
                },
                "Run_a_Child_Flow_-_Process_Individual_flow": {
                  "runAfter": {
                    "Compose_-_Individual_Flow_Name": [
                      "Succeeded"
                    ]
                  },
                  "limit": {
                    "timeout": "PT600S"
                  },
                  "metadata": {
                    "operationMetadataId": "e26066e9-ccae-4a32-a26f-88ceb6285a48"
                  },
                  "type": "Workflow",
                  "inputs": {
                    "host": {
                      "workflowReferenceName": "ad2f8be5-87e5-ef11-be21-0022483f293a"
                    },
                    "body": {
                      "text": "@outputs('Compose_-_Individual_Flow_Input')",
                      "text_1": "@outputs('Compose_-_Flow_ID_List_Input')",
                      "text_2": "@outputs('Compose_-_Individual_Flow_Name')",
                      "text_3": "@outputs('Compose_-_Destination_Folder_Path_Input')"
                    },
                    "retryPolicy": {
                      "type": "fixed",
                      "count": 3,
                      "interval": "PT30S"
                    }
                  }
                },
                "Append_to_string_variable_-_Flow_Info_to_Entire_Desktop_Flow_Info_Var": {
                  "runAfter": {
                    "Run_a_Child_Flow_-_Process_Individual_flow": [
                      "Succeeded"
                    ]
                  },
                  "metadata": {
                    "operationMetadataId": "7f70f777-eee7-4748-9191-deb0855bf469"
                  },
                  "type": "AppendToStringVariable",
                  "inputs": {
                    "name": "Entire Desktop flow Info",
                    "value": "@{body('Run_a_Child_Flow_-_Process_Individual_flow')?['flow_text']}\n"
                  }
                },
                "Scope_-_Process_Repeating_Section_(Flow_Details)": {
                  "actions": {
                    "Parse_JSON_-_Individual_Flow_JSON": {
                      "runAfter": {},
                      "metadata": {
                        "operationMetadataId": "d16d03ee-eb87-4d42-be23-b5133b6ea4f1"
                      },
                      "type": "ParseJson",
                      "inputs": {
                        "content": "@body('Run_a_Child_Flow_-_Process_Individual_flow')?['flow_json']",
                        "schema": {
                          "type": "object",
                          "properties": {
                            "Flow Name": {
                              "type": "string"
                            },
                            "Overview": {
                              "type": "string"
                            },
                            "External Infrastructure Used": {
                              "type": "array"
                            },
                            "Input Variables": {
                              "type": "array"
                            },
                            "Output Variables": {
                              "type": "array"
                            },
                            "External Desktop flow Dependencies": {
                              "type": "array"
                            },
                            "Core Logic": {
                              "type": "string"
                            },
                            "Error Handling": {
                              "type": "array"
                            },
                            "Connection References": {
                              "type": "array"
                            },
                            "BusinessException": {
                              "type": "array"
                            },
                            "SystemException": {
                              "type": "array"
                            }
                          }
                        }
                      }
                    },
                    "Compose_-_Repeating_Section_Content": {
                      "runAfter": {
                        "Parse_JSON_-_Individual_Flow_JSON": [
                          "Succeeded"
                        ]
                      },
                      "metadata": {
                        "operationMetadataId": "4435d25a-4a57-46da-8a9e-31057b266471"
                      },
                      "type": "Compose",
                      "inputs": {
                        "h2Subsection1Title": "@{body('Parse_JSON_-_Individual_Flow_JSON')?['Flow Name']}",
                        "h2Subsection1Paragraph": "@{body('Parse_JSON_-_Individual_Flow_JSON')?['Overview']}  Link to flow diagram -@{body('Run_a_Child_Flow_-_Process_Individual_flow')?['diagram_link']} ",
                        "h2bulletPoints1SubTitle": "External Infrastructure Used",
                        "bulletPoints1": "@body('Parse_JSON_-_Individual_Flow_JSON')?['External Infrastructure Used']",
                        "h2bulletPoints2SubTitle": "External Desktop flow Dependencies",
                        "bulletPoints2": "@body('Parse_JSON_-_Individual_Flow_JSON')?['External Desktop flow Dependencies']",
                        "h2table1SubTitle": "Input Variables",
                        "table1": {
                          "rows": "@body('Parse_JSON_-_Individual_Flow_JSON')?['Input Variables']"
                        },
                        "h2table2SubTitle": "Output Variables",
                        "table2": {
                          "rows": "@body('Parse_JSON_-_Individual_Flow_JSON')?['Output Variables']"
                        },
                        "h2Subsection2Title": "Core Logic",
                        "h2Subsection2Paragraph": "@{body('Parse_JSON_-_Individual_Flow_JSON')?['Core Logic']}",
                        "h2bulletPoints3SubTitle": "Error Handling",
                        "bulletPoints3": "@body('Parse_JSON_-_Individual_Flow_JSON')?['Error Handling']",
                        "h2bulletPoints4SubTitle": "Connection References",
                        "bulletPoints4": "@body('Parse_JSON_-_Individual_Flow_JSON')?['Connection References']",
                        "h2table3SubTitle": "BusinessException",
                        "table3": {
                          "rows": "@body('Parse_JSON_-_Individual_Flow_JSON')?['BusinessException']"
                        },
                        "h2table4SubTitle": "SystemException",
                        "table4": {
                          "rows": "@body('Parse_JSON_-_Individual_Flow_JSON')?['SystemException']"
                        }
                      }
                    },
                    "Append_to_array_variable_-_Repeating_Section_to_Repeating_Sections_Var": {
                      "runAfter": {
                        "Compose_-_Repeating_Section_Content": [
                          "Succeeded"
                        ]
                      },
                      "metadata": {
                        "operationMetadataId": "30bef837-12b0-4205-a264-731f7d381f3f"
                      },
                      "type": "AppendToArrayVariable",
                      "inputs": {
                        "name": "Repeating sections",
                        "value": "@outputs('Compose_-_Repeating_Section_Content')"
                      }
                    }
                  },
                  "runAfter": {
                    "Append_to_string_variable_-_Flow_Info_to_Entire_Desktop_Flow_Info_Var": [
                      "Succeeded"
                    ]
                  },
                  "metadata": {
                    "operationMetadataId": "5192540b-3a08-45da-bd97-3a3331ec53be"
                  },
                  "type": "Scope"
                }
              },
              "runAfter": {},
              "metadata": {
                "operationMetadataId": "0bb7ce79-5ac7-488b-9ec2-854d22001c53"
              },
              "type": "Scope"
            }
          },
          "runAfter": {
            "Select_-_Build_Workflow_ID_Replacement_List": [
              "Succeeded"
            ]
          },
          "metadata": {
            "operationMetadataId": "44578bcb-c555-4b87-8cec-d00885d5ee31"
          },
          "type": "Foreach",
          "runtimeConfiguration": {
            "concurrency": {
              "repetitions": 5
            }
          }
        },
        "Select_-_Build_Workflow_ID_Replacement_List": {
          "runAfter": {
            "Filter_array_-_Get_desktop_flows": [
              "Succeeded"
            ]
          },
          "metadata": {
            "operationMetadataId": "f2b97432-ea75-4fe6-9e53-54398de1beac"
          },
          "type": "Select",
          "inputs": {
            "from": "@body('Filter_array_-_Get_desktop_flows')",
            "select": {
              "SearchWord": "@{replace(replace(item()['@WorkflowId'], '{', ''), '}', '')}",
              "ReplacementWord": "@item()['@name']"
            }
          }
        },
        "Initialize_variable_-_Entire_Desktop_flow_info": {
          "runAfter": {
            "Run_a_Child_Flow_-_Extract_Solution_XML_to_JSON": [
              "Succeeded"
            ]
          },
          "metadata": {
            "operationMetadataId": "69c32d85-039c-42d1-9a7c-15ad22933706"
          },
          "type": "InitializeVariable",
          "inputs": {
            "variables": [
              {
                "name": "Entire Desktop flow Info",
                "type": "string"
              }
            ]
          }
        },
        "Initialize_variable_-_Repeating_sections": {
          "runAfter": {
            "Initialize_variable_-_Entire_Desktop_flow_info": [
              "Succeeded"
            ]
          },
          "metadata": {
            "operationMetadataId": "2ccb6b6f-accb-45e4-ab01-2e40e8533561"
          },
          "type": "InitializeVariable",
          "inputs": {
            "variables": [
              {
                "name": "Repeating sections",
                "type": "array"
              }
            ]
          }
        },
        "Initialize_variable_-_Business_Exceptions": {
          "runAfter": {
            "Initialize_variable_-_Connection_References": [
              "Succeeded"
            ]
          },
          "metadata": {
            "operationMetadataId": "f60c6981-37ce-4d23-84f9-df189f5c6b81"
          },
          "type": "InitializeVariable",
          "inputs": {
            "variables": [
              {
                "name": "Business Exceptions",
                "type": "array"
              }
            ]
          }
        },
        "Initialize_variable_-_Connection_References": {
          "runAfter": {
            "Initialize_variable_-_Repeating_sections": [
              "Succeeded"
            ]
          },
          "metadata": {
            "operationMetadataId": "d8f0711b-ae47-4fb9-bca6-799108a80790"
          },
          "type": "InitializeVariable",
          "inputs": {
            "variables": [
              {
                "name": "Connection References",
                "type": "array"
              }
            ]
          }
        },
        "Run_a_Child_Flow_-_Process_Entire_Flow_Text": {
          "runAfter": {
            "For_each_-_Desktop_flows": [
              "Succeeded"
            ]
          },
          "metadata": {
            "operationMetadataId": "7a068327-00c7-4099-9825-6a391582b1bc"
          },
          "type": "Workflow",
          "inputs": {
            "host": {
              "workflowReferenceName": "e864250e-34ea-ef11-be21-0022483f293a"
            },
            "body": {
              "text": "@variables('Entire Desktop flow Info')"
            }
          }
        },
        "Compose_-_Document_XML_Content_as_JSON": {
          "runAfter": {
            "Parse_JSON_-_Entire_Flow_Text_JSON": [
              "Succeeded"
            ]
          },
          "metadata": {
            "operationMetadataId": "ee7c09cc-c2ad-4ebc-9795-6a0453ddabeb"
          },
          "type": "Compose",
          "inputs": {
            "h1MainTitle": "@{outputs('Compose_-_Document_File_Name_Input')} Project Report",
            "h2MainParagraph": "This document outlines the Technical aspects of the @{outputs('Compose_-_Document_File_Name_Input')}  project.",
            "h1SubTitle1": "Overview",
            "h2SubParagraph1": "@{body('Parse_JSON_-_Entire_Flow_Text_JSON')?['Overview']}",
            "repeatingSection": "@variables('Repeating sections')",
            "h1SubTitle2": "Recommendation",
            "h2SubParagraph2": "@{body('Parse_JSON_-_Entire_Flow_Text_JSON')?['Improvement Recommendation']}",
            "generatedDate": "@{formatDateTime(utcNow(), 'dd-MMM-yyyy')}"
          }
        },
        "Parse_JSON_-_Entire_Flow_Text_JSON": {
          "runAfter": {
            "Compose_-_Entire_flow_text_json": [
              "Succeeded"
            ]
          },
          "metadata": {
            "operationMetadataId": "7c0f97f5-97df-4676-84dc-a2ba007dcb72"
          },
          "type": "ParseJson",
          "inputs": {
            "content": "@outputs('Compose_-_Entire_flow_text_json')",
            "schema": {
              "type": "object",
              "properties": {
                "Overview": {
                  "type": "string"
                },
                "Improvement Recommendation": {
                  "type": "string"
                }
              }
            }
          }
        },
        "Respond_to_a_Power_App_or_flow": {
          "runAfter": {
            "Run_a_Child_Flow_-_Generate_Formatted_Document": [
              "Succeeded"
            ]
          },
          "metadata": {
            "operationMetadataId": "0116a72e-a5dc-4c54-a384-9e8d0d6488b0"
          },
          "type": "Response",
          "kind": "PowerApp",
          "inputs": {
            "statusCode": 200,
            "body": {},
            "schema": {
              "type": "object",
              "properties": {}
            }
          }
        },
        "Compose_-_Zip_File_ID_Input": {
          "runAfter": {
            "Compose_-_Document_File_Name_Input": [
              "Succeeded"
            ]
          },
          "metadata": {
            "operationMetadataId": "3bc1dcd0-a34a-4d49-83ed-ccd83bbd6761"
          },
          "type": "Compose",
          "inputs": "@triggerBody()?['text']"
        },
        "Compose_-_Destination_Folder_Path_Input": {
          "runAfter": {},
          "metadata": {
            "operationMetadataId": "68e921c0-c42b-4f6d-9327-dc6c86469f56"
          },
          "type": "Compose",
          "inputs": "@triggerBody()?['text_1']"
        },
        "Compose_-_Document_File_Name_Input": {
          "runAfter": {
            "Compose_-_Destination_Folder_Path_Input": [
              "Succeeded"
            ]
          },
          "metadata": {
            "operationMetadataId": "be05d9be-1b6d-4ca0-9016-7e17922a5243"
          },
          "type": "Compose",
          "inputs": "@triggerBody()?['text_2']"
        },
        "Run_a_Child_Flow_-_Generate_Formatted_Document": {
          "runAfter": {
            "Compose_-_Document_XML_Content_as_JSON": [
              "Succeeded"
            ]
          },
          "metadata": {
            "operationMetadataId": "562ce494-da64-4cfe-9f4b-fd5b415db0ec"
          },
          "type": "Workflow",
          "inputs": {
            "host": {
              "workflowReferenceName": "bf5d00c0-2ed8-ef11-a730-6045bd0f1d25"
            },
            "body": {
              "text": "@string(outputs('Compose_-_Document_XML_Content_as_JSON'))",
              "text_1": "@outputs('Compose_-_Destination_Folder_Path_Input')",
              "text_2": "@outputs('Compose_-_Document_File_Name_Input')"
            }
          }
        },
        "Compose_-_Entire_flow_text_json": {
          "runAfter": {
            "Run_a_Child_Flow_-_Process_Entire_Flow_Text": [
              "Succeeded"
            ]
          },
          "metadata": {
            "operationMetadataId": "0d103603-23db-4094-9472-becee717da2e"
          },
          "type": "Compose",
          "inputs": "@json(outputs('Run_a_Child_Flow_-_Process_Entire_Flow_Text')?['Body']?['entire_flow_json'])"
        }
      }
    },
    "templateName": ""
  },
  "schemaVersion": "1.0.0.0"
}