<ImportExportXml xmlns:xsi="http://www.w3.org/2001/XMLSchema-instance" OrganizationVersion="9.2.25021.188" OrganizationSchemaType="Standard" CRMServerServiceabilityVersion="9.2.25022.00172">
  <Entities></Entities>
  <Roles></Roles>
  <Workflows>
    <Workflow WorkflowId="{88934fac-3fda-ef11-a730-0022483f293a}" Name="Extract Solution XML to JSON">
      <JsonFileName>/Workflows/ExtractSolutionXMLtoJSON-88934FAC-3FDA-EF11-A730-0022483F293A.json</JsonFileName>
      <Type>1</Type>
      <Subprocess>0</Subprocess>
      <Category>5</Category>
      <Mode>0</Mode>
      <Scope>4</Scope>
      <OnDemand>0</OnDemand>
      <TriggerOnCreate>0</TriggerOnCreate>
      <TriggerOnDelete>0</TriggerOnDelete>
      <AsyncAutodelete>0</AsyncAutodelete>
      <SyncWorkflowLogOnFailure>0</SyncWorkflowLogOnFailure>
      <StateCode>1</StateCode>
      <StatusCode>2</StatusCode>
      <RunAs>1</RunAs>
      <IsTransacted>1</IsTransacted>
      <IntroducedVersion>1.0.0.0</IntroducedVersion>
      <IsCustomizable>1</IsCustomizable>
      <BusinessProcessType>0</BusinessProcessType>
      <IsCustomProcessingStepAllowedForOtherPublishers>1</IsCustomProcessingStepAllowedForOtherPublishers>
      <PrimaryEntity>none</PrimaryEntity>
      <LocalizedNames>
        <LocalizedName languagecode="1033" description="Extract Solution XML to JSON" />
      </LocalizedNames>
    </Workflow>
    <Workflow WorkflowId="{bf5d00c0-2ed8-ef11-a730-6045bd0f1d25}" Name="Generate Formatted Word Document">
      <JsonFileName>/Workflows/GenerateFormattedWordDocument-BF5D00C0-2ED8-EF11-A730-6045BD0F1D25.json</JsonFileName>
      <Type>1</Type>
      <Subprocess>0</Subprocess>
      <Category>5</Category>
      <Mode>0</Mode>
      <Scope>4</Scope>
      <OnDemand>0</OnDemand>
      <TriggerOnCreate>0</TriggerOnCreate>
      <TriggerOnDelete>0</TriggerOnDelete>
      <AsyncAutodelete>0</AsyncAutodelete>
      <SyncWorkflowLogOnFailure>0</SyncWorkflowLogOnFailure>
      <StateCode>1</StateCode>
      <StatusCode>2</StatusCode>
      <RunAs>1</RunAs>
      <IsTransacted>1</IsTransacted>
      <IntroducedVersion>1.0.0.0</IntroducedVersion>
      <IsCustomizable>1</IsCustomizable>
      <RendererObjectTypeCode>0</RendererObjectTypeCode>
      <BusinessProcessType>0</BusinessProcessType>
      <IsCustomProcessingStepAllowedForOtherPublishers>1</IsCustomProcessingStepAllowedForOtherPublishers>
      <PrimaryEntity>none</PrimaryEntity>
      <LocalizedNames>
        <LocalizedName languagecode="1033" description="Generate Formatted Word Document" />
      </LocalizedNames>
    </Workflow>
    <Workflow WorkflowId="{cdc0ea36-49e0-ef11-be21-0022483f293a}" Name="Generate Content with AI Model">
      <JsonFileName>/Workflows/GenerateContentwithAIModel-CDC0EA36-49E0-EF11-BE21-0022483F293A.json</JsonFileName>
      <Type>1</Type>
      <Subprocess>0</Subprocess>
      <Category>5</Category>
      <Mode>0</Mode>
      <Scope>4</Scope>
      <OnDemand>0</OnDemand>
      <TriggerOnCreate>0</TriggerOnCreate>
      <TriggerOnDelete>0</TriggerOnDelete>
      <AsyncAutodelete>0</AsyncAutodelete>
      <SyncWorkflowLogOnFailure>0</SyncWorkflowLogOnFailure>
      <StateCode>1</StateCode>
      <StatusCode>2</StatusCode>
      <RunAs>1</RunAs>
      <IsTransacted>1</IsTransacted>
      <IntroducedVersion>1.0.0.0</IntroducedVersion>
      <IsCustomizable>1</IsCustomizable>
      <BusinessProcessType>0</BusinessProcessType>
      <IsCustomProcessingStepAllowedForOtherPublishers>1</IsCustomProcessingStepAllowedForOtherPublishers>
      <PrimaryEntity>none</PrimaryEntity>
      <LocalizedNames>
        <LocalizedName languagecode="1033" description="Generate Content with AI Model" />
      </LocalizedNames>
    </Workflow>
    <Workflow WorkflowId="{e864250e-34ea-ef11-be21-0022483f293a}" Name="Generate Entire Flow Overview and Recommendations">
      <JsonFileName>/Workflows/GenerateEntireFlowOverviewandRecommendations-E864250E-34EA-EF11-BE21-0022483F293A.json</JsonFileName>
      <Type>1</Type>
      <Subprocess>0</Subprocess>
      <Category>5</Category>
      <Mode>0</Mode>
      <Scope>4</Scope>
      <OnDemand>0</OnDemand>
      <TriggerOnCreate>0</TriggerOnCreate>
      <TriggerOnDelete>0</TriggerOnDelete>
      <AsyncAutodelete>0</AsyncAutodelete>
      <SyncWorkflowLogOnFailure>0</SyncWorkflowLogOnFailure>
      <StateCode>1</StateCode>
      <StatusCode>2</StatusCode>
      <RunAs>1</RunAs>
      <IsTransacted>1</IsTransacted>
      <IntroducedVersion>1.0.0.0</IntroducedVersion>
      <IsCustomizable>1</IsCustomizable>
      <BusinessProcessType>0</BusinessProcessType>
      <IsCustomProcessingStepAllowedForOtherPublishers>1</IsCustomProcessingStepAllowedForOtherPublishers>
      <PrimaryEntity>none</PrimaryEntity>
      <LocalizedNames>
        <LocalizedName languagecode="1033" description="Generate Entire Flow Overview and Recommendations" />
      </LocalizedNames>
    </Workflow>
    <Workflow WorkflowId="{db56444c-1ce4-ef11-be20-0022483f293a}" Name="Generate Flowchart from Graphviz Code">
      <JsonFileName>/Workflows/GenerateFlowchartfromGraphvizCode-DB56444C-1CE4-EF11-BE20-0022483F293A.json</JsonFileName>
      <Type>1</Type>
      <Subprocess>0</Subprocess>
      <Category>5</Category>
      <Mode>0</Mode>
      <Scope>4</Scope>
      <OnDemand>0</OnDemand>
      <TriggerOnCreate>0</TriggerOnCreate>
      <TriggerOnDelete>0</TriggerOnDelete>
      <AsyncAutodelete>0</AsyncAutodelete>
      <SyncWorkflowLogOnFailure>0</SyncWorkflowLogOnFailure>
      <StateCode>1</StateCode>
      <StatusCode>2</StatusCode>
      <RunAs>1</RunAs>
      <IsTransacted>1</IsTransacted>
      <IntroducedVersion>1.0.0.0</IntroducedVersion>
      <IsCustomizable>1</IsCustomizable>
      <BusinessProcessType>0</BusinessProcessType>
      <IsCustomProcessingStepAllowedForOtherPublishers>1</IsCustomProcessingStepAllowedForOtherPublishers>
      <PrimaryEntity>none</PrimaryEntity>
      <LocalizedNames>
        <LocalizedName languagecode="1033" description="Generate Flowchart from Graphviz Code" />
      </LocalizedNames>
    </Workflow>
    <Workflow WorkflowId="{6ba16a2e-d6dd-ef11-a730-0022483f293a}" Name="Retrieve Desktop Flow Details">
      <JsonFileName>/Workflows/RetrieveDesktopFlowDetails-6BA16A2E-D6DD-EF11-A730-0022483F293A.json</JsonFileName>
      <Type>1</Type>
      <Subprocess>0</Subprocess>
      <Category>5</Category>
      <Mode>0</Mode>
      <Scope>4</Scope>
      <OnDemand>0</OnDemand>
      <TriggerOnCreate>0</TriggerOnCreate>
      <TriggerOnDelete>0</TriggerOnDelete>
      <AsyncAutodelete>0</AsyncAutodelete>
      <SyncWorkflowLogOnFailure>0</SyncWorkflowLogOnFailure>
      <StateCode>1</StateCode>
      <StatusCode>2</StatusCode>
      <RunAs>1</RunAs>
      <IsTransacted>1</IsTransacted>
      <IntroducedVersion>1.0.0.0</IntroducedVersion>
      <IsCustomizable>1</IsCustomizable>
      <BusinessProcessType>0</BusinessProcessType>
      <IsCustomProcessingStepAllowedForOtherPublishers>1</IsCustomProcessingStepAllowedForOtherPublishers>
      <PrimaryEntity>none</PrimaryEntity>
      <LocalizedNames>
        <LocalizedName languagecode="1033" description="Retrieve Desktop Flow Details" />
      </LocalizedNames>
    </Workflow>
    <Workflow WorkflowId="{ad2f8be5-87e5-ef11-be21-0022483f293a}" Name="Process Individual Desktop Flow">
      <JsonFileName>/Workflows/ProcessIndividualDesktopFlow-AD2F8BE5-87E5-EF11-BE21-0022483F293A.json</JsonFileName>
      <Type>1</Type>
      <Subprocess>0</Subprocess>
      <Category>5</Category>
      <Mode>0</Mode>
      <Scope>4</Scope>
      <OnDemand>0</OnDemand>
      <TriggerOnCreate>0</TriggerOnCreate>
      <TriggerOnDelete>0</TriggerOnDelete>
      <AsyncAutodelete>0</AsyncAutodelete>
      <SyncWorkflowLogOnFailure>0</SyncWorkflowLogOnFailure>
      <StateCode>1</StateCode>
      <StatusCode>2</StatusCode>
      <RunAs>1</RunAs>
      <IsTransacted>1</IsTransacted>
      <IntroducedVersion>1.0.0.0</IntroducedVersion>
      <IsCustomizable>1</IsCustomizable>
      <BusinessProcessType>0</BusinessProcessType>
      <IsCustomProcessingStepAllowedForOtherPublishers>1</IsCustomProcessingStepAllowedForOtherPublishers>
      <PrimaryEntity>none</PrimaryEntity>
      <LocalizedNames>
        <LocalizedName languagecode="1033" description="Process Individual Desktop Flow" />
      </LocalizedNames>
    </Workflow>
    <Workflow WorkflowId="{5e364eb7-53dc-ef11-a730-0022483f293a}" Name="Process Desktop Flows in Solution Zip">
      <JsonFileName>/Workflows/ProcessDesktopFlowsinSolutionZip-5E364EB7-53DC-EF11-A730-0022483F293A.json</JsonFileName>
      <Type>1</Type>
      <Subprocess>0</Subprocess>
      <Category>5</Category>
      <Mode>0</Mode>
      <Scope>4</Scope>
      <OnDemand>0</OnDemand>
      <TriggerOnCreate>0</TriggerOnCreate>
      <TriggerOnDelete>0</TriggerOnDelete>
      <AsyncAutodelete>0</AsyncAutodelete>
      <SyncWorkflowLogOnFailure>0</SyncWorkflowLogOnFailure>
      <StateCode>1</StateCode>
      <StatusCode>2</StatusCode>
      <RunAs>1</RunAs>
      <IsTransacted>1</IsTransacted>
      <IntroducedVersion>1.0.0.0</IntroducedVersion>
      <IsCustomizable>1</IsCustomizable>
      <BusinessProcessType>0</BusinessProcessType>
      <IsCustomProcessingStepAllowedForOtherPublishers>1</IsCustomProcessingStepAllowedForOtherPublishers>
      <PrimaryEntity>none</PrimaryEntity>
      <LocalizedNames>
        <LocalizedName languagecode="1033" description="Process Desktop Flows in Solution Zip" />
      </LocalizedNames>
    </Workflow>
    <Workflow WorkflowId="{a7ff4d80-ddf0-ef11-be21-7c1e5203836d}" Name="Automate Solution Doc Generation on File Upload">
      <JsonFileName>/Workflows/AutomateSolutionDocGenerationonFileUpload-A7FF4D80-DDF0-EF11-BE21-7C1E5203836D.json</JsonFileName>
      <Type>1</Type>
      <Subprocess>0</Subprocess>
      <Category>5</Category>
      <Mode>0</Mode>
      <Scope>4</Scope>
      <OnDemand>0</OnDemand>
      <TriggerOnCreate>0</TriggerOnCreate>
      <TriggerOnDelete>0</TriggerOnDelete>
      <AsyncAutodelete>0</AsyncAutodelete>
      <SyncWorkflowLogOnFailure>0</SyncWorkflowLogOnFailure>
      <StateCode>1</StateCode>
      <StatusCode>2</StatusCode>
      <RunAs>1</RunAs>
      <IsTransacted>1</IsTransacted>
      <IntroducedVersion>1.0.0.0</IntroducedVersion>
      <IsCustomizable>1</IsCustomizable>
      <BusinessProcessType>0</BusinessProcessType>
      <IsCustomProcessingStepAllowedForOtherPublishers>1</IsCustomProcessingStepAllowedForOtherPublishers>
      <PrimaryEntity>none</PrimaryEntity>
      <LocalizedNames>
        <LocalizedName languagecode="1033" description="Automate Solution Doc Generation on File Upload" />
      </LocalizedNames>
    </Workflow>
  </Workflows>
  <FieldSecurityProfiles></FieldSecurityProfiles>
  <Templates />
  <EntityMaps />
  <EntityRelationships />
  <OrganizationSettings />
  <optionsets />
  <CustomControls />
  <EntityDataProviders />
  <Connectors>
    <Connector>
      <connectorid>045f6557-7a86-48c0-989f-5a359ea528d0</connectorid>
      <description>Generate a DOCX file dynamically with complex document structure including tables and bullet points</description>
      <displayname>TDD Document Generator</displayname>
      <iconbrandcolor>#007ee5</iconbrandcolor>
      <name>fa_tdd-20document-20generator</name>
      <connectortype>1</connectortype>
      <scriptoperations>[]</scriptoperations>
      <openapidefinition>/Connector/fa_tdd-20document-20generator_openapidefinition.json</openapidefinition>
      <connectionparameters>/Connector/fa_tdd-20document-20generator_connectionparameters.json</connectionparameters>
      <policytemplateinstances>/Connector/fa_tdd-20document-20generator_policytemplateinstances.json</policytemplateinstances>
      <customcodeblobcontent>/Connector/fa_tdd-20document-20generator_customcodeblobcontent.csx</customcodeblobcontent>
      <iconblob>/Connector/fa_tdd-20document-20generator_iconblob.Png</iconblob>
    </Connector>
    <Connector>
      <connectorid>e279c709-88a6-4c68-ab30-7cc7a3be39a4</connectorid>
      <description>This connector provides utilities for working with JSON objects, text, and documents.</description>
      <displayname>ZIP Folder operations</displayname>
      <iconbrandcolor>#007ee5</iconbrandcolor>
      <name>fa_5Fzip-20folder-20operations</name>
      <connectortype>1</connectortype>
      <scriptoperations>["TextWordReplacer","GenerateDocxXml","ListZipContents","ExtractKeysFromJson"]</scriptoperations>
      <openapidefinition>/Connector/fa_5Fzip-20folder-20operations_openapidefinition.json</openapidefinition>
      <connectionparameters>/Connector/fa_5Fzip-20folder-20operations_connectionparameters.json</connectionparameters>
      <policytemplateinstances>/Connector/fa_5Fzip-20folder-20operations_policytemplateinstances.json</policytemplateinstances>
      <customcodeblobcontent>/Connector/fa_5Fzip-20folder-20operations_customcodeblobcontent.csx</customcodeblobcontent>
      <iconblob>/Connector/fa_5Fzip-20folder-20operations_iconblob.Png</iconblob>
    </Connector>
  </Connectors>
  <connectionreferences>
    <connectionreference connectionreferencelogicalname="fa_sharedfa5fzip20folder20operations5f71779ace6cb872af_9b6b7">
      <connectionreferencedisplayname>ZIP Folder operations TechnicalDocumentAutomation-9b6b7</connectionreferencedisplayname>
      <connectorid>/providers/Microsoft.PowerApps/apis/shared_fa-5fzip-20folder-20operations-5f71779ace6cb872af</connectorid>
      <iscustomizable>1</iscustomizable>
      <promptingbehavior>0</promptingbehavior>
      <statecode>0</statecode>
      <statuscode>1</statuscode>
    </connectionreference>
    <connectionreference connectionreferencelogicalname="fa_sharedsharepointonline_be196">
      <connectionreferencedisplayname>SharePoint TechnicalDocumentAutomation-be196</connectionreferencedisplayname>
      <connectorid>/providers/Microsoft.PowerApps/apis/shared_sharepointonline</connectorid>
      <iscustomizable>1</iscustomizable>
      <promptingbehavior>0</promptingbehavior>
      <statecode>0</statecode>
      <statuscode>1</statuscode>
    </connectionreference>
    <connectionreference connectionreferencelogicalname="new_office365outlook">
      <connectionreferencedisplayname>office 365 outlook</connectionreferencedisplayname>
      <connectorid>/providers/Microsoft.PowerApps/apis/shared_office365</connectorid>
      <iscustomizable>1</iscustomizable>
      <statecode>0</statecode>
      <statuscode>1</statuscode>
    </connectionreference>
    <connectionreference connectionreferencelogicalname="new_sharedtdd20document20generator5f71779ace6cb872af5fb2aed2fe2d229a_1c02a">
      <connectionreferencedisplayname>TDD Document Generator</connectionreferencedisplayname>
      <connectorid>/providers/Microsoft.PowerApps/apis/shared_tdd-20document-20generator-5f71779ace6cb872af-5fb2aed2fe2d229ae5</connectorid>
      <customconnectorid>
        <connectorid>045f6557-7a86-48c0-989f-5a359ea528d0</connectorid>
      </customconnectorid>
      <iscustomizable>1</iscustomizable>
      <promptingbehavior>0</promptingbehavior>
      <statecode>0</statecode>
      <statuscode>1</statuscode>
    </connectionreference>
  </connectionreferences>
  <Languages>
    <Language>1033</Language>
  </Languages>
</ImportExportXml>