<environmentvariabledefinition schemaname="fa_AIAPIEndpoint">
  <defaultvalue>The URL of the AI model's API endpoint. This tells the workflow where to send the request to interact with the AI model. The Solution's default is Gemini 2.0</defaultvalue>
  <displayname default="AI API Endpoint URL">
    <label description="AI API Endpoint URL" languagecode="1033" />
  </displayname>
  <introducedversion>1.0.0.0</introducedversion>
  <iscustomizable>1</iscustomizable>
  <isrequired>0</isrequired>
  <secretstore>0</secretstore>
  <type>100000000</type>
</environmentvariabledefinition>