<environmentvariabledefinition schemaname="fa_SolutionFolderpath">
  <description default="The path within the SharePoint document library where solution ZIP files are uploaded. The workflow monitors this folder for new files to trigger documentation generation.">
    <label description="The path within the SharePoint document library where solution ZIP files are uploaded. The workflow monitors this folder for new files to trigger documentation generation." languagecode="1033" />
  </description>
  <displayname default="Solution Upload Folder Path">
    <label description="Solution Upload Folder Path" languagecode="1033" />
  </displayname>
  <introducedversion>1.0.0.0</introducedversion>
  <iscustomizable>1</iscustomizable>
  <isrequired>0</isrequired>
  <secretstore>0</secretstore>
  <type>100000000</type>
</environmentvariabledefinition>