<environmentvariabledefinition schemaname="fa_TDDSolutionSite">
  <apiid>/providers/microsoft.powerapps/apis/shared_sharepointonline</apiid>
  <description default="The URL of the SharePoint site where the solution ZIP files and documentation folders are located. Used to connect to SharePoint for both monitoring the solution upload folder and creating documentation folders.">
    <label description="The URL of the SharePoint site where the solution ZIP files and documentation folders are located. Used to connect to SharePoint for both monitoring the solution upload folder and creating documentation folders." languagecode="1033" />
  </description>
  <displayname default="TDD Solution Site URL">
    <label description="TDD Solution Site URL" languagecode="1033" />
  </displayname>
  <introducedversion>1.0.0.0</introducedversion>
  <iscustomizable>1</iscustomizable>
  <isrequired>0</isrequired>
  <parameterkey>dataset</parameterkey>
  <secretstore>0</secretstore>
  <type>100000004</type>
</environmentvariabledefinition>