<ImportExportXml version="9.2.25041.198" SolutionPackageVersion="9.2" languagecode="1033" generatedBy="CrmLive" xmlns:xsi="http://www.w3.org/2001/XMLSchema-instance" OrganizationVersion="9.2.25041.198" OrganizationSchemaType="Standard" CRMServerServiceabilityVersion="9.2.25041.00198">
  <SolutionManifest>
    <UniqueName>TechnicalDocumentAutomation</UniqueName>
    <LocalizedNames>
      <LocalizedName description="Technical Document Automation" languagecode="1033" />
    </LocalizedNames>
    <Descriptions />
    <Version>1.0.0.5</Version>
    <Managed>0</Managed>
    <Publisher>
      <UniqueName>FemiAjigbayi</UniqueName>
      <LocalizedNames>
        <LocalizedName description="Femi" languagecode="1033" />
      </LocalizedNames>
      <Descriptions />
      <EMailAddress xsi:nil="true"></EMailAddress>
      <SupportingWebsiteUrl xsi:nil="true"></SupportingWebsiteUrl>
      <CustomizationPrefix>fa</CustomizationPrefix>
      <CustomizationOptionValuePrefix>12235</CustomizationOptionValuePrefix>
      <Addresses>
        <Address>
          <AddressNumber>1</AddressNumber>
          <AddressTypeCode>1</AddressTypeCode>
          <City xsi:nil="true"></City>
          <County xsi:nil="true"></County>
          <Country xsi:nil="true"></Country>
          <Fax xsi:nil="true"></Fax>
          <FreightTermsCode xsi:nil="true"></FreightTermsCode>
          <ImportSequenceNumber xsi:nil="true"></ImportSequenceNumber>
          <Latitude xsi:nil="true"></Latitude>
          <Line1 xsi:nil="true"></Line1>
          <Line2 xsi:nil="true"></Line2>
          <Line3 xsi:nil="true"></Line3>
          <Longitude xsi:nil="true"></Longitude>
          <Name xsi:nil="true"></Name>
          <PostalCode xsi:nil="true"></PostalCode>
          <PostOfficeBox xsi:nil="true"></PostOfficeBox>
          <PrimaryContactName xsi:nil="true"></PrimaryContactName>
          <ShippingMethodCode>1</ShippingMethodCode>
          <StateOrProvince xsi:nil="true"></StateOrProvince>
          <Telephone1 xsi:nil="true"></Telephone1>
          <Telephone2 xsi:nil="true"></Telephone2>
          <Telephone3 xsi:nil="true"></Telephone3>
          <TimeZoneRuleVersionNumber xsi:nil="true"></TimeZoneRuleVersionNumber>
          <UPSZone xsi:nil="true"></UPSZone>
          <UTCOffset xsi:nil="true"></UTCOffset>
          <UTCConversionTimeZoneCode xsi:nil="true"></UTCConversionTimeZoneCode>
        </Address>
        <Address>
          <AddressNumber>2</AddressNumber>
          <AddressTypeCode>1</AddressTypeCode>
          <City xsi:nil="true"></City>
          <County xsi:nil="true"></County>
          <Country xsi:nil="true"></Country>
          <Fax xsi:nil="true"></Fax>
          <FreightTermsCode xsi:nil="true"></FreightTermsCode>
          <ImportSequenceNumber xsi:nil="true"></ImportSequenceNumber>
          <Latitude xsi:nil="true"></Latitude>
          <Line1 xsi:nil="true"></Line1>
          <Line2 xsi:nil="true"></Line2>
          <Line3 xsi:nil="true"></Line3>
          <Longitude xsi:nil="true"></Longitude>
          <Name xsi:nil="true"></Name>
          <PostalCode xsi:nil="true"></PostalCode>
          <PostOfficeBox xsi:nil="true"></PostOfficeBox>
          <PrimaryContactName xsi:nil="true"></PrimaryContactName>
          <ShippingMethodCode>1</ShippingMethodCode>
          <StateOrProvince xsi:nil="true"></StateOrProvince>
          <Telephone1 xsi:nil="true"></Telephone1>
          <Telephone2 xsi:nil="true"></Telephone2>
          <Telephone3 xsi:nil="true"></Telephone3>
          <TimeZoneRuleVersionNumber xsi:nil="true"></TimeZoneRuleVersionNumber>
          <UPSZone xsi:nil="true"></UPSZone>
          <UTCOffset xsi:nil="true"></UTCOffset>
          <UTCConversionTimeZoneCode xsi:nil="true"></UTCConversionTimeZoneCode>
        </Address>
      </Addresses>
    </Publisher>
    <RootComponents>
      <RootComponent type="29" id="{3e56de9f-8b04-f011-bae3-7c1e5203836d}" behavior="0" />
      <RootComponent type="29" id="{5e364eb7-53dc-ef11-a730-0022483f293a}" behavior="0" />
      <RootComponent type="29" id="{6ba16a2e-d6dd-ef11-a730-0022483f293a}" behavior="0" />
      <RootComponent type="29" id="{6ccbdc47-8e04-f011-bae3-7c1e5203836d}" behavior="0" />
      <RootComponent type="29" id="{88934fac-3fda-ef11-a730-0022483f293a}" behavior="0" />
      <RootComponent type="29" id="{a7ff4d80-ddf0-ef11-be21-7c1e5203836d}" behavior="0" />
      <RootComponent type="29" id="{ad2f8be5-87e5-ef11-be21-0022483f293a}" behavior="0" />
      <RootComponent type="29" id="{bf5d00c0-2ed8-ef11-a730-6045bd0f1d25}" behavior="0" />
      <RootComponent type="29" id="{cdc0ea36-49e0-ef11-be21-0022483f293a}" behavior="0" />
      <RootComponent type="29" id="{db56444c-1ce4-ef11-be20-0022483f293a}" behavior="0" />
      <RootComponent type="29" id="{e864250e-34ea-ef11-be21-0022483f293a}" behavior="0" />
      <RootComponent type="372" id="{e279c709-88a6-4c68-ab30-7cc7a3be39a4}" schemaName="fa_5Fzip-20folder-20operations" behavior="0" />
      <RootComponent type="372" id="{045f6557-7a86-48c0-989f-5a359ea528d0}" schemaName="fa_tdd-20document-20generator" behavior="0" />
    </RootComponents>
    <MissingDependencies />
  </SolutionManifest>
</ImportExportXml>