<environmentvariabledefinition schemaname="fa_Generateddocumentfolderpath">
  <description default="The name of the folder that will be created within the SharePoint document library to store the generated documentation for each solution.">
    <label description="The name of the folder that will be created within the SharePoint document library to store the generated documentation for each solution." languagecode="1033" />
  </description>
  <displayname default="Documentation Output Folder Name">
    <label description="Documentation Output Folder Name" languagecode="1033" />
  </displayname>
  <introducedversion>1.0.0.0</introducedversion>
  <iscustomizable>1</iscustomizable>
  <isrequired>0</isrequired>
  <secretstore>0</secretstore>
  <type>100000000</type>
</environmentvariabledefinition>