{
  "properties": {
    "connectionReferences": {
      "shared_sharepointonline": {
        "runtimeSource": "embedded",
        "connection": {
          "connectionReferenceLogicalName": "fa_sharedsharepointonline_be196"
        },
        "api": {
          "name": "shared_sharepointonline"
        }
      },
      "shared_fa-5fzip-20folder-20operations-5f71779ace6cb872af": {
        "runtimeSource": "embedded",
        "connection": {
          "connectionReferenceLogicalName": "fa_sharedfa5fzip20folder20operations5f71779ace6cb872af_9b6b7"
        },
        "api": {
          "name": "shared_fa-5fzip-20folder-20operations-5f71779ace6cb872af",
          "logicalName": "fa_5Fzip-20folder-20operations"
        }
      }
    },
    "definition": {
      "$schema": "https://schema.management.azure.com/providers/Microsoft.Logic/schemas/2016-06-01/workflowdefinition.json#",
      "contentVersion": "undefined",
      "parameters": {
        "$connections": {
          "defaultValue": {},
          "type": "Object"
        },
        "$authentication": {
          "defaultValue": {},
          "type": "SecureObject"
        },
        "TDD Solution Site (fa_TDDSolutionSite)": {
          "defaultValue": "https://autonomateio.sharepoint.com/sites/FemiSandbox",
          "type": "String",
          "metadata": {
            "schemaName": "fa_TDDSolutionSite"
          }
        }
      },
      "triggers": {
        "manual": {
          "metadata": {
            "operationMetadataId": "416b0175-38bc-450c-bae1-5a11770885be"
          },
          "type": "Request",
          "kind": "Button",
          "inputs": {
            "schema": {
              "type": "object",
              "properties": {
                "text": {
                  "description": "Please enter your input",
                  "title": "Zip File ID",
                  "type": "string",
                  "x-ms-content-hint": "TEXT",
                  "x-ms-dynamically-added": true
                }
              },
              "required": [
                "text"
              ]
            }
          }
        }
      },
      "actions": {
        "Get_file_content_-_Solution_Zip": {
          "runAfter": {
            "Compose_-_file_id": [
              "Succeeded"
            ]
          },
          "metadata": {
            "%252fShared%2bDocuments%252fsolution%252fPLPaidOutsProcess_1_0_0_15.zip": "/Shared Documents/solution/PLPaidOutsProcess_1_0_0_15.zip",
            "operationMetadataId": "1269bed3-5ae6-4dee-b022-031e569b2012",
            "%252fShared%2bDocuments%252fsolution%252fKaneInternationalDailyReports_1_0_0_12.zip": "/Shared Documents/solution/KaneInternationalDailyReports_1_0_0_12.zip"
          },
          "type": "OpenApiConnection",
          "inputs": {
            "host": {
              "connectionName": "shared_sharepointonline",
              "operationId": "GetFileContent",
              "apiId": "/providers/Microsoft.PowerApps/apis/shared_sharepointonline"
            },
            "parameters": {
              "dataset": "@parameters('TDD Solution Site (fa_TDDSolutionSite)')",
              "id": "@outputs('Compose_-_file_id')",
              "inferContentType": true
            },
            "authentication": {
              "type": "Raw",
              "value": "@json(decodeBase64(triggerOutputs().headers['X-MS-APIM-Tokens']))['$ConnectionKey']"
            }
          }
        },
        "Filter_array_-_Get_customizations.xml_files": {
          "runAfter": {
            "List_the_files_in_a_Zip_folder_-_base64": [
              "Succeeded"
            ]
          },
          "metadata": {
            "operationMetadataId": "6a8994c3-be20-453c-a2cd-bd67f501f210"
          },
          "type": "Query",
          "inputs": {
            "from": "@outputs('List_the_files_in_a_Zip_folder_-_base64')?['body/files']",
            "where": "@equals(toLower(item()?['name']), 'customizations.xml')"
          }
        },
        "List_the_files_in_a_Zip_folder_-_base64": {
          "runAfter": {
            "Get_file_content_-_Solution_Zip": [
              "Succeeded"
            ]
          },
          "metadata": {
            "operationMetadataId": "6b73fc29-bc5b-4ec3-a6a4-8cae7e3f9f71"
          },
          "type": "OpenApiConnection",
          "inputs": {
            "host": {
              "connectionName": "shared_fa-5fzip-20folder-20operations-5f71779ace6cb872af",
              "operationId": "ListZipContents",
              "apiId": ""
            },
            "parameters": {
              "body/zipContentBytes": "@base64(outputs('Get_file_content_-_Solution_Zip')?['body'])"
            },
            "authentication": {
              "type": "Raw",
              "value": "@json(decodeBase64(triggerOutputs().headers['X-MS-APIM-Tokens']))['$ConnectionKey']"
            }
          }
        },
        "Condition_-_Check_for_customization": {
          "actions": {
            "Set_variable_-_BE": {
              "runAfter": {},
              "metadata": {
                "operationMetadataId": "5bb0c6bf-c12d-4771-841c-7730a4dea967"
              },
              "type": "SetVariable",
              "inputs": {
                "name": "status",
                "value": "Business Exception - There is no customization.xml file in the Zip"
              }
            }
          },
          "runAfter": {
            "Filter_array_-_Get_customizations.xml_files": [
              "Succeeded"
            ]
          },
          "else": {
            "actions": {
              "Compose_-_Read_customizations_xml_contents_": {
                "runAfter": {},
                "metadata": {
                  "operationMetadataId": "433ca0ba-f72d-4427-954a-f98c96836180"
                },
                "type": "Compose",
                "inputs": "@base64ToString(body('Filter_array_-_Get_customizations.xml_files')?[0]?['contentBytes'])"
              },
              "Compose_-_Convert_xml_to_json": {
                "runAfter": {
                  "Compose_-_Read_customizations_xml_contents_": [
                    "Succeeded"
                  ]
                },
                "metadata": {
                  "operationMetadataId": "4328efb1-4acc-46c8-af56-7109e17f4f9e"
                },
                "type": "Compose",
                "inputs": "@json(xml(outputs('Compose_-_Read_customizations_xml_contents_')))"
              },
              "Set_variable_-_Success": {
                "runAfter": {
                  "Compose_-_Convert_xml_to_json": [
                    "Succeeded"
                  ]
                },
                "metadata": {
                  "operationMetadataId": "c6992534-f0a0-42fb-bc69-b78d59c71b96"
                },
                "type": "SetVariable",
                "inputs": {
                  "name": "status",
                  "value": "success"
                }
              }
            }
          },
          "expression": {
            "greater": [
              "@length(body('Filter_array_-_Get_customizations.xml_files'))",
              1
            ]
          },
          "metadata": {
            "operationMetadataId": "99809ad2-9c9c-475d-8af9-91a973f16037"
          },
          "type": "If"
        },
        "Initialize_variable_-_status": {
          "runAfter": {},
          "metadata": {
            "operationMetadataId": "d9fb8862-f70d-4aa5-a603-b8525cec9ed3"
          },
          "type": "InitializeVariable",
          "inputs": {
            "variables": [
              {
                "name": "status",
                "type": "string"
              }
            ]
          }
        },
        "Respond_to_a_Power_App_or_flow": {
          "runAfter": {
            "Condition_-_Check_for_customization": [
              "Succeeded"
            ]
          },
          "metadata": {
            "operationMetadataId": "9e607f1a-a951-497f-a81f-1ed7d39c31d3"
          },
          "type": "Response",
          "kind": "PowerApp",
          "inputs": {
            "statusCode": 200,
            "body": {
              "status": "@variables('status')",
              "json_output": "@{outputs('Compose_-_Convert_xml_to_json')}"
            },
            "schema": {
              "type": "object",
              "properties": {
                "status": {
                  "title": "status",
                  "x-ms-dynamically-added": true,
                  "type": "string"
                },
                "json_output": {
                  "title": "json output",
                  "x-ms-dynamically-added": true,
                  "type": "string"
                }
              }
            }
          }
        },
        "Compose_-_file_id": {
          "runAfter": {
            "Initialize_variable_-_status": [
              "Succeeded"
            ]
          },
          "metadata": {
            "operationMetadataId": "08e5dd5a-6b99-4825-b7e0-0c2fd7bfd0f0"
          },
          "type": "Compose",
          "inputs": "@triggerBody()?['text']"
        }
      }
    },
    "templateName": ""
  },
  "schemaVersion": "1.0.0.0"
}