{
  "properties": {
    "connectionReferences": {},
    "definition": {
      "$schema": "https://schema.management.azure.com/providers/Microsoft.Logic/schemas/2016-06-01/workflowdefinition.json#",
      "contentVersion": "1.0.0.0",
      "parameters": {
        "$authentication": {
          "defaultValue": {},
          "type": "SecureObject"
        },
        "$connections": {
          "defaultValue": {},
          "type": "Object"
        }
      },
      "triggers": {
        "manual": {
          "type": "Request",
          "kind": "Button",
          "inputs": {
            "schema": {
              "type": "object",
              "properties": {
                "text": {
                  "title": "Entire Flow Text",
                  "type": "string",
                  "x-ms-dynamically-added": true,
                  "description": "Please enter your input",
                  "x-ms-content-hint": "TEXT"
                }
              },
              "required": [
                "text"
              ]
            }
          },
          "metadata": {
            "operationMetadataId": "eaf9d0f3-6b65-4fb3-a1d6-bcc40913dad7"
          }
        }
      },
      "actions": {
        "Compose_-_Entire_Flow_Text_Input": {
          "type": "Compose",
          "inputs": "@triggerBody()['text']",
          "runAfter": {},
          "metadata": {
            "operationMetadataId": "8d0cd9c6-4b64-4426-b055-3ab3f7dfbb30"
          }
        },
        "Scope_-_Generate_Entire_Flow_Overview_and_Recommendations": {
          "type": "Scope",
          "actions": {
            "Compose_-_AI_Prompt_-_Entire_Flow_Overview_and_Recommendations": {
              "type": "Compose",
              "inputs": "Using this code write-up:\n\n@{outputs('Compose_-_Entire_Flow_Text_Input')}\n\nReturn a single JSON object with exactly the following structure for the entire code, without any additional commentary or assumptions:\n\n{\n  \"Overview\": \"Provide a text that describes the entire process represented by the code, written in multi-paragraph form, each seperated by \\n.\",\n\"Improvement Recommendation\":\"Provide a text that describes the various possible improvements for the entire process represented by the code, written in multi-paragraph form, each seperated by \\n.\"\n}\n\nAdditional Notes:\n1. The 'DesktopFlow Name' for each section is written immediately after the text 'Desktop Flow Name:' in the code write-up.\n2. Do not add any extra keys or commentary—output only the JSON object with the structure and values as described.\n3. IMPORTANT: Do not use backslashes or other escape characters in your response. Instead of using special characters or symbols that would need escaping, replace them with descriptive text:\n   - Instead of using actual newlines, use the text '[NEWLINE]'\n   - Instead of using backslashes (\\\\), write '[BACKSLASH]'\n   - Instead of using plus signs (+), write '[PLUS]'\n   - Instead of using quote marks in text, use single quotes instead\n   - Avoid using any other special characters that might need escaping in JSON\n4. For newlines intended as paragraphs, use actual line breaks (\\n). if the \"\\n\" is used in the provided code for whatever reason, then use the proper JSON escape sequence \\\\n.",
              "metadata": {
                "operationMetadataId": "4656b582-f01e-461a-bce7-e6ad98ca2397"
              }
            },
            "Run_a_Child_Flow_-_AI_Request_for_Entire_Flow_Overview_and_Recs": {
              "type": "Workflow",
              "inputs": {
                "host": {
                  "workflowReferenceName": "cdc0ea36-49e0-ef11-be21-0022483f293a"
                },
                "body": {
                  "text": "@outputs('Compose_-_AI_Prompt_-_Entire_Flow_Overview_and_Recommendations')",
                  "text_1": "Entire Flow Text Generation",
                  "text_2": "Entire Flow Text Generation"
                }
              },
              "runAfter": {
                "Compose_-_AI_Prompt_-_Entire_Flow_Overview_and_Recommendations": [
                  "Succeeded"
                ]
              },
              "metadata": {
                "operationMetadataId": "6ecf9325-42b3-4752-ae22-7d4e1aa3be47"
              }
            },
            "Compose_-_AI_Output_-_Entire_Flow_Overview_and_Recommendations": {
              "type": "Compose",
              "inputs": "@body('Run_a_Child_Flow_-_AI_Request_for_Entire_Flow_Overview_and_Recs')?['ai_output']",
              "runAfter": {
                "Run_a_Child_Flow_-_AI_Request_for_Entire_Flow_Overview_and_Recs": [
                  "Succeeded"
                ]
              },
              "metadata": {
                "operationMetadataId": "b3df8866-c732-429d-9ec9-f5b7a51efe2a"
              }
            }
          },
          "runAfter": {
            "Compose_-_Entire_Flow_Text_Input": [
              "Succeeded"
            ]
          },
          "metadata": {
            "operationMetadataId": "4de2a8e7-2146-420f-8ab4-cf2bdae338eb"
          }
        },
        "Respond_to_a_Power_App_or_flow": {
          "type": "Response",
          "kind": "PowerApp",
          "inputs": {
            "schema": {
              "type": "object",
              "properties": {
                "entire_flow_json": {
                  "title": "Entire Flow json",
                  "x-ms-dynamically-added": true,
                  "type": "string"
                }
              },
              "additionalProperties": {}
            },
            "statusCode": 200,
            "body": {
              "entire_flow_json": "@{outputs('Compose_-_AI_Output_-_Entire_Flow_Overview_and_Recommendations')}"
            }
          },
          "runAfter": {
            "Scope_-_Generate_Entire_Flow_Overview_and_Recommendations": [
              "Succeeded"
            ]
          },
          "metadata": {
            "operationMetadataId": "564a30ae-0d52-4406-bbb3-2ed1b6ae0b90"
          }
        }
      }
    },
    "templateName": null
  },
  "schemaVersion": "1.0.0.0"
}