{
  "properties": {
    "connectionReferences": {
      "shared_fa-5fzip-20folder-20operations-5f71779ace6cb872af": {
        "runtimeSource": "embedded",
        "connection": {
          "connectionReferenceLogicalName": "fa_sharedfa5fzip20folder20operations5f71779ace6cb872af_9b6b7"
        },
        "api": {
          "name": "shared_fa-5fzip-20folder-20operations-5f71779ace6cb872af",
          "logicalName": "fa_5Fzip-20folder-20operations"
        }
      },
      "shared_sharepointonline-1": {
        "runtimeSource": "embedded",
        "connection": {
          "connectionReferenceLogicalName": "fa_sharedsharepointonline_be196"
        },
        "api": {
          "name": "shared_sharepointonline"
        }
      }
    },
    "definition": {
      "$schema": "https://schema.management.azure.com/providers/Microsoft.Logic/schemas/2016-06-01/workflowdefinition.json#",
      "contentVersion": "1.0.0.0",
      "parameters": {
        "$authentication": {
          "defaultValue": {},
          "type": "SecureObject"
        },
        "$connections": {
          "defaultValue": {},
          "type": "Object"
        },
        "TDD Solution Site URL (fa_TDDSolutionSite)": {
          "defaultValue": "https://autonomateio.sharepoint.com/sites/FemiSandbox",
          "type": "String",
          "metadata": {
            "schemaName": "fa_TDDSolutionSite",
            "description": "The URL of the SharePoint site where the solution ZIP files and documentation folders are located. Used to connect to SharePoint for both monitoring the solution upload folder and creating documentation folders."
          }
        },
        "TDD Document Library (fa_TDDSolutionDocumentfolder)": {
          "defaultValue": "2265ed39-e0de-4e9b-884b-c9f5f51ca7ab",
          "type": "String",
          "metadata": {
            "schemaName": "fa_TDDSolutionDocumentfolder",
            "description": "The name, (depending on the SharePoint connector configuration) of the SharePoint Document Library where solution ZIP files and generated documentation are stored. This helps the workflow target the correct library within the SharePoint site."
          }
        },
        "Graphviz API endpoint URL (fa_GraphvizAPIendpoint)": {
          "defaultValue": "https://quickchart.io/graphviz",
          "type": "String",
          "metadata": {
            "schemaName": "fa_GraphvizAPIendpoint",
            "description": "The URL of the Graphviz API service (like Quickchart.io) used to convert Graphviz DOT code into an image (SVG in this case)."
          }
        }
      },
      "triggers": {
        "manual": {
          "metadata": {
            "operationMetadataId": "b1273f5f-e98c-458b-8eb8-229a76fdb2be"
          },
          "type": "Request",
          "kind": "Button",
          "inputs": {
            "schema": {
              "type": "object",
              "properties": {
                "text": {
                  "title": "Graphviz Code",
                  "type": "string",
                  "x-ms-dynamically-added": true,
                  "description": "Please enter your input",
                  "x-ms-content-hint": "TEXT"
                },
                "text_1": {
                  "title": "Flow name",
                  "type": "string",
                  "x-ms-dynamically-added": true,
                  "description": "Please enter your input",
                  "x-ms-content-hint": "TEXT"
                },
                "text_2": {
                  "description": "Please enter your input",
                  "title": "Destination FolderPath",
                  "type": "string",
                  "x-ms-content-hint": "TEXT",
                  "x-ms-dynamically-added": true
                }
              },
              "required": [
                "text",
                "text_1",
                "text_2"
              ]
            }
          }
        }
      },
      "actions": {
        "Compose_-_Graphviz_DOT_Code_Input": {
          "runAfter": {
            "Compose_-_Flow_Name_Input": [
              "Succeeded"
            ]
          },
          "metadata": {
            "operationMetadataId": "8f4acec2-0148-4901-9b00-338da281dd3e"
          },
          "type": "Compose",
          "inputs": "@triggerBody()['text']"
        },
        "Respond_to_a_Power_App_or_flow": {
          "runAfter": {
            "Compose_-_SVG_File_Link_Output": [
              "Succeeded"
            ]
          },
          "metadata": {
            "operationMetadataId": "10bd7787-20b2-4fd4-9b6f-92e7d79775d2"
          },
          "type": "Response",
          "kind": "PowerApp",
          "inputs": {
            "schema": {
              "type": "object",
              "properties": {
                "link_to_svg_file": {
                  "title": "Link to SVG file",
                  "x-ms-dynamically-added": true,
                  "type": "string"
                }
              },
              "additionalProperties": {}
            },
            "statusCode": 200,
            "body": {
              "link_to_svg_file": "@{outputs('Compose_-_SVG_File_Link_Output')}"
            }
          }
        },
        "Replace_words_in_text_-_Prepare_Graphviz_Code_for_API": {
          "runAfter": {
            "Compose_-_Graphviz_DOT_Code_Input": [
              "Succeeded"
            ]
          },
          "metadata": {
            "operationMetadataId": "03ba2ab3-4352-4339-9f89-30211584c2eb"
          },
          "type": "OpenApiConnection",
          "inputs": {
            "parameters": {
              "body/Replacements": [
                {
                  "SearchWord": "\\\\",
                  "ReplacementWord": "\\"
                },
                {
                  "SearchWord": "/",
                  "ReplacementWord": "/",
                  "InterpretEscapes": true
                },
                {
                  "SearchWord": "\\\\",
                  "ReplacementWord": "\\"
                },
                {
                  "SearchWord": "--",
                  "ReplacementWord": "_"
                }
              ],
              "body/TextToParse": "@outputs('Compose_-_Graphviz_DOT_Code_Input')"
            },
            "host": {
              "apiId": "",
              "operationId": "TextWordReplacer",
              "connectionName": "shared_fa-5fzip-20folder-20operations-5f71779ace6cb872af"
            }
          }
        },
        "HTTP_-_Call_Graphviz_API": {
          "runAfter": {
            "Replace_words_in_text_-_Prepare_Graphviz_Code_for_API": [
              "Succeeded"
            ]
          },
          "metadata": {
            "operationMetadataId": "660031b9-5b50-4663-a08d-7c1c3be5baab"
          },
          "type": "Http",
          "inputs": {
            "uri": "@parameters('Graphviz API endpoint URL (fa_GraphvizAPIendpoint)')",
            "method": "POST",
            "headers": {
              "accept": "application/json",
              "Content-Type": "application/json"
            },
            "body": {
              "graph": "@{body('Replace_words_in_text_-_Prepare_Graphviz_Code_for_API')}",
              "format": "svg"
            }
          },
          "runtimeConfiguration": {
            "contentTransfer": {
              "transferMode": "Chunked"
            }
          }
        },
        "Create_file_-_Create_SVG_Diagram_File_in_SharePoint": {
          "runAfter": {
            "Replace_words_in_text_-_Rescale_xml": [
              "Succeeded"
            ]
          },
          "metadata": {
            "operationMetadataId": "dc4b75a5-adf7-4e70-b50e-5808e5492410"
          },
          "type": "OpenApiConnection",
          "inputs": {
            "parameters": {
              "dataset": "@parameters('TDD Solution Site URL (fa_TDDSolutionSite)')",
              "folderPath": "@outputs('Compose_-_Destination_Folder_Path_Input')",
              "name": "@{outputs('Compose_-_Flow_Name_Input')}.svg",
              "body": "@body('Replace_words_in_text_-_Rescale_xml')"
            },
            "host": {
              "apiId": "/providers/Microsoft.PowerApps/apis/shared_sharepointonline",
              "operationId": "CreateFile",
              "connectionName": "shared_sharepointonline-1"
            }
          },
          "runtimeConfiguration": {
            "contentTransfer": {
              "transferMode": "Chunked"
            }
          }
        },
        "Compose_-_svg_xml_text": {
          "runAfter": {
            "HTTP_-_Call_Graphviz_API": [
              "Succeeded"
            ]
          },
          "metadata": {
            "operationMetadataId": "64b91bf0-8568-4059-bb77-2467e7384dc0"
          },
          "type": "Compose",
          "inputs": "@base64ToString(body('HTTP_-_Call_Graphviz_API')?['$content'])"
        },
        "Replace_words_in_text_-_Rescale_xml": {
          "runAfter": {
            "Compose_-_svg_xml_text": [
              "Succeeded"
            ]
          },
          "metadata": {
            "operationMetadataId": "9c24a9ac-d6a7-4dcb-8826-a3ad14d73c71"
          },
          "type": "OpenApiConnection",
          "inputs": {
            "parameters": {
              "body/Replacements": [
                {
                  "SearchWord": "scale(1 1) ",
                  "ReplacementWord": "scale(0.6 0.6) "
                }
              ],
              "body/TextToParse": "@outputs('Compose_-_svg_xml_text')",
              "body/IgnoreCase": true
            },
            "host": {
              "apiId": "",
              "operationId": "TextWordReplacer",
              "connectionName": "shared_fa-5fzip-20folder-20operations-5f71779ace6cb872af"
            }
          },
          "description": "This rescales the generated diagram"
        },
        "Get_file_properties_-_for_SVG_File": {
          "runAfter": {
            "Create_file_-_Create_SVG_Diagram_File_in_SharePoint": [
              "Succeeded"
            ]
          },
          "metadata": {
            "operationMetadataId": "d75f2c97-6b0a-4210-a2b4-05bddd6b37c1"
          },
          "type": "OpenApiConnection",
          "inputs": {
            "parameters": {
              "dataset": "@parameters('TDD Solution Site URL (fa_TDDSolutionSite)')",
              "table": "@parameters('TDD Document Library (fa_TDDSolutionDocumentfolder)')",
              "id": "@outputs('Create_file_-_Create_SVG_Diagram_File_in_SharePoint')?['body/ItemId']"
            },
            "host": {
              "apiId": "/providers/Microsoft.PowerApps/apis/shared_sharepointonline",
              "operationId": "GetFileItem",
              "connectionName": "shared_sharepointonline-1"
            }
          }
        },
        "Compose_-_SVG_File_Link_Output": {
          "runAfter": {
            "Get_file_properties_-_for_SVG_File": [
              "Succeeded",
              "Skipped"
            ],
            "Get_file_properties_-_For_Existing_SVG_File": [
              "Succeeded",
              "Skipped"
            ]
          },
          "metadata": {
            "operationMetadataId": "dc62ee0c-12a9-4b97-b53c-1d2851e37982"
          },
          "type": "Compose",
          "inputs": "@{outputs('Get_file_properties_-_for_SVG_File')?['body/{Link}']}@{outputs('Get_file_properties_-_For_Existing_SVG_File')?['body/{Link}']}",
          "description": "Only one can be true"
        },
        "Compose_-_Flow_Name_Input": {
          "runAfter": {
            "Compose_-_Destination_Folder_Path_Input": [
              "Succeeded"
            ]
          },
          "metadata": {
            "operationMetadataId": "1d158784-d51c-4ca6-ab32-22f65f3050f0"
          },
          "type": "Compose",
          "inputs": "@triggerBody()?['text_1']"
        },
        "Compose_-_Destination_Folder_Path_Input": {
          "runAfter": {},
          "metadata": {
            "operationMetadataId": "4c0915b9-4909-4708-9b11-5f01265692eb"
          },
          "type": "Compose",
          "inputs": "@triggerBody()?['text_2']"
        },
        "Get_file_metadata_using_path_-_if_file_already_exists": {
          "runAfter": {
            "Create_file_-_Create_SVG_Diagram_File_in_SharePoint": [
              "Failed"
            ]
          },
          "type": "OpenApiConnection",
          "inputs": {
            "parameters": {
              "dataset": "@parameters('TDD Solution Site URL (fa_TDDSolutionSite)')",
              "path": "@{outputs('Compose_-_Destination_Folder_Path_Input')}/@{outputs('Compose_-_Flow_Name_Input')}.svg"
            },
            "host": {
              "apiId": "/providers/Microsoft.PowerApps/apis/shared_sharepointonline",
              "operationId": "GetFileMetadataByPath",
              "connectionName": "shared_sharepointonline-1"
            }
          }
        },
        "Get_file_properties_-_For_Existing_SVG_File": {
          "runAfter": {
            "Get_file_metadata_using_path_-_if_file_already_exists": [
              "Succeeded"
            ]
          },
          "type": "OpenApiConnection",
          "inputs": {
            "parameters": {
              "dataset": "@parameters('TDD Solution Site URL (fa_TDDSolutionSite)')",
              "table": "@parameters('TDD Document Library (fa_TDDSolutionDocumentfolder)')",
              "id": "@outputs('Get_file_metadata_using_path_-_if_file_already_exists')?['body/ItemId']"
            },
            "host": {
              "apiId": "/providers/Microsoft.PowerApps/apis/shared_sharepointonline",
              "operationId": "GetFileItem",
              "connectionName": "shared_sharepointonline-1"
            }
          }
        }
      }
    },
    "templateName": null
  },
  "schemaVersion": "1.0.0.0"
}