{
  "properties": {
    "connectionReferences": {
      "shared_sharepointonline-1": {
        "runtimeSource": "embedded",
        "connection": {
          "connectionReferenceLogicalName": "fa_sharedsharepointonline_be196"
        },
        "api": {
          "name": "shared_sharepointonline"
        }
      },
      "shared_wordonlinebusiness": {
        "runtimeSource": "embedded",
        "connection": {
          "connectionReferenceLogicalName": "new_sharedwordonlinebusiness_fe0b6"
        },
        "api": {
          "name": "shared_wordonlinebusiness"
        }
      }
    },
    "definition": {
      "$schema": "https://schema.management.azure.com/providers/Microsoft.Logic/schemas/2016-06-01/workflowdefinition.json#",
      "contentVersion": "1.0.0.0",
      "parameters": {
        "$authentication": {
          "defaultValue": {},
          "type": "SecureObject"
        },
        "$connections": {
          "defaultValue": {},
          "type": "Object"
        },
        "TDD Document Library ID (fa_TDDDocumentLibraryID)": {
          "defaultValue": "b!tdWosZUJl0-B4lpPONVdVDwWkbb0DaBMiF7gjOjsNK057WUi3uCbTohLyfX1HKer",
          "type": "String",
          "metadata": {
            "schemaName": "fa_TDDDocumentLibraryID"
          }
        },
        "TDD Solution Site URL (fa_TDDSolutionSite)": {
          "defaultValue": "https://autonomateio.sharepoint.com/sites/FemiSandbox",
          "type": "String",
          "metadata": {
            "schemaName": "fa_TDDSolutionSite",
            "description": "The URL of the SharePoint site where the solution ZIP files and documentation folders are located. Used to connect to SharePoint for both monitoring the solution upload folder and creating documentation folders."
          }
        },
        "TDD Word Template Drive Item ID (fa_TDDWordTemplateDriveItemID)": {
          "defaultValue": "013AVBPFBMRPUTMHKVTFC2ELUJVXLV4RXB",
          "type": "String",
          "metadata": {
            "schemaName": "fa_TDDWordTemplateDriveItemID"
          }
        }
      },
      "triggers": {
        "manual": {
          "metadata": {
            "operationMetadataId": "f570ca23-91de-456b-aec6-bffc351ab1ff"
          },
          "type": "Request",
          "kind": "Button",
          "inputs": {
            "schema": {
              "type": "object",
              "properties": {
                "text": {
                  "description": "Please enter your input",
                  "title": "Document xml as json",
                  "type": "string",
                  "x-ms-content-hint": "TEXT",
                  "x-ms-dynamically-added": true
                },
                "text_1": {
                  "description": "Please enter your input",
                  "title": "Destination FolderPath",
                  "type": "string",
                  "x-ms-content-hint": "TEXT",
                  "x-ms-dynamically-added": true
                },
                "text_2": {
                  "description": "Please enter your input",
                  "title": "Document File name",
                  "type": "string",
                  "x-ms-content-hint": "TEXT",
                  "x-ms-dynamically-added": true
                }
              },
              "required": [
                "text",
                "text_1",
                "text_2"
              ]
            }
          }
        }
      },
      "actions": {
        "Compose_-_Document_xml_Content_JSON_Input": {
          "runAfter": {
            "Compose_-_Document_File_Name": [
              "Succeeded"
            ]
          },
          "metadata": {
            "operationMetadataId": "ec8bd026-2aa9-4eec-90b7-c97297693c8c"
          },
          "type": "Compose",
          "inputs": "@triggerBody()['text']"
        },
        "Parse_JSON_-_Document_xml_Content_JSON": {
          "runAfter": {
            "Compose_-_Document_xml_Content_JSON_Input": [
              "Succeeded"
            ]
          },
          "metadata": {
            "operationMetadataId": "6355c9d3-4c72-4a2f-82c0-27484af0e3d8"
          },
          "type": "ParseJson",
          "inputs": {
            "content": "@outputs('Compose_-_Document_xml_Content_JSON_Input')",
            "schema": {
              "type": "object",
              "properties": {
                "Solution Name": {
                  "type": "string"
                },
                "Solution Overview": {
                  "type": "string"
                },
                "repeatingSection Desktop flows": {
                  "type": "array",
                  "items": {
                    "type": "object",
                    "properties": {
                      "Desktop Flow Name": {
                        "type": "string"
                      },
                      "Desktop Flow Overview": {
                        "type": "string"
                      },
                      "External Infrastructure List": {
                        "type": "string"
                      },
                      "External Desktop flows Used": {
                        "type": "string"
                      },
                      "Input Variable List": {
                        "type": "string"
                      },
                      "Output Variable List": {
                        "type": "string"
                      },
                      "Core Logic": {
                        "type": "string"
                      },
                      "Error Handling List": {
                        "type": "string"
                      },
                      "Connection Reference List": {
                        "type": "string"
                      },
                      "Business Exception List": {
                        "type": "string"
                      },
                      "System Exception List": {
                        "type": "string"
                      }
                    },
                    "required": [
                      "Desktop Flow Name",
                      "Desktop Flow Overview",
                      "External Infrastructure List",
                      "External Desktop flows Used",
                      "Input Variable List",
                      "Output Variable List",
                      "Core Logic",
                      "Error Handling List",
                      "Connection Reference List",
                      "Business Exception List",
                      "System Exception List"
                    ]
                  }
                },
                "Recommendation": {
                  "type": "string"
                },
                "generatedDate": {
                  "type": "string"
                }
              }
            }
          }
        },
        "Compose_-_Destination_Folder_Path_Input": {
          "runAfter": {},
          "metadata": {
            "operationMetadataId": "8dca3cda-d876-4341-a15b-bea5d57ad4c1"
          },
          "type": "Compose",
          "inputs": "@triggerBody()?['text_1']"
        },
        "Compose_-_Document_File_Name_Input": {
          "runAfter": {
            "Compose_-_Destination_Folder_Path_Input": [
              "Succeeded"
            ]
          },
          "metadata": {
            "operationMetadataId": "2c8da924-7ec0-48ec-8f73-d9985180fb21"
          },
          "type": "Compose",
          "inputs": "@triggerBody()?['text_2']"
        },
        "Respond_to_a_Power_App_or_flow": {
          "runAfter": {
            "Create_file": [
              "Succeeded"
            ]
          },
          "metadata": {
            "operationMetadataId": "534c4242-7065-42b7-a63e-d7efc51d4430"
          },
          "type": "Response",
          "kind": "PowerApp",
          "inputs": {
            "schema": {
              "type": "object",
              "properties": {},
              "additionalProperties": {}
            },
            "statusCode": 200,
            "body": {}
          }
        },
        "Compose_-_Document_File_Name": {
          "runAfter": {
            "Compose_-_Document_File_Name_Input": [
              "Succeeded"
            ]
          },
          "metadata": {
            "operationMetadataId": "2c8da924-7ec0-48ec-8f73-d9985180fb21"
          },
          "type": "Compose",
          "inputs": "@{outputs('Compose_-_Document_File_Name_Input')}.docx"
        },
        "Create_file": {
          "runAfter": {
            "Populate_a_Microsoft_Word_template": [
              "Succeeded"
            ]
          },
          "metadata": {
            "operationMetadataId": "5d7cf495-7d6c-429c-b46e-c47091997ecf"
          },
          "type": "OpenApiConnection",
          "inputs": {
            "parameters": {
              "dataset": "@parameters('TDD Solution Site URL (fa_TDDSolutionSite)')",
              "folderPath": "@outputs('Compose_-_Destination_Folder_Path_Input')",
              "name": "@outputs('Compose_-_Document_File_Name')",
              "body": "@body('Populate_a_Microsoft_Word_template')"
            },
            "host": {
              "apiId": "/providers/Microsoft.PowerApps/apis/shared_sharepointonline",
              "operationId": "CreateFile",
              "connectionName": "shared_sharepointonline-1"
            }
          },
          "runtimeConfiguration": {
            "contentTransfer": {
              "transferMode": "Chunked"
            }
          }
        },
        "Populate_a_Microsoft_Word_template": {
          "runAfter": {
            "Compose_-_Repeating_Sections_Desktop_flows_JSON": [
              "Succeeded"
            ]
          },
          "metadata": {
            "013AVBPFBMRPUTMHKVTFC2ELUJVXLV4RXB": "/Document Template/TDD solution Template.docx",
            "operationMetadataId": "40318553-081b-4ba4-a11c-a9013fbc0b97"
          },
          "type": "OpenApiConnection",
          "inputs": {
            "parameters": {
              "source": "@parameters('TDD Solution Site URL (fa_TDDSolutionSite)')",
              "drive": "@parameters('TDD Document Library ID (fa_TDDDocumentLibraryID)')",
              "file": "@parameters('TDD Word Template Drive Item ID (fa_TDDWordTemplateDriveItemID)')",
              "dynamicFileSchema/1531300417": "@body('Parse_JSON_-_Document_xml_Content_JSON')?['Recommendation']",
              "dynamicFileSchema/-1087370792": "@body('Parse_JSON_-_Document_xml_Content_JSON')?['Solution Name']",
              "dynamicFileSchema/-982781908": "@body('Parse_JSON_-_Document_xml_Content_JSON')?['Solution Name']",
              "dynamicFileSchema/-38821692": "@body('Parse_JSON_-_Document_xml_Content_JSON')?['Solution Overview']",
              "dynamicFileSchema/-1390421748": "@outputs('Compose_-_Repeating_Sections_cloud_flows_JSON')",
              "dynamicFileSchema/-1766834098": "@outputs('Compose_-_Repeating_Sections_Desktop_flows_JSON')",
              "dynamicFileSchema/-1491409301": "@body('Parse_JSON_-_Document_xml_Content_JSON')?['generatedDate']"
            },
            "host": {
              "apiId": "/providers/Microsoft.PowerApps/apis/shared_wordonlinebusiness",
              "operationId": "CreateFileItem",
              "connectionName": "shared_wordonlinebusiness"
            }
          }
        },
        "Compose_-_Repeating_Sections_Desktop_flows_JSON": {
          "runAfter": {
            "Compose_-_Repeating_Sections_cloud_flows_JSON": [
              "Succeeded"
            ]
          },
          "metadata": {
            "operationMetadataId": "e8cd6f1a-f5ef-4176-ba01-970a905df091"
          },
          "type": "Compose",
          "inputs": "@body('Parse_JSON_-_Document_xml_Content_JSON')?['repeatingSection Desktop flows']"
        },
        "Compose_-_Repeating_Sections_cloud_flows_JSON": {
          "runAfter": {
            "Parse_JSON_-_Document_xml_Content_JSON": [
              "Succeeded"
            ]
          },
          "metadata": {
            "operationMetadataId": "e8cd6f1a-f5ef-4176-ba01-970a905df091"
          },
          "type": "Compose",
          "inputs": "@body('Parse_JSON_-_Document_xml_Content_JSON')?['repeatingSection Cloud flows']"
        }
      }
    },
    "templateName": null
  },
  "schemaVersion": "1.0.0.0"
}