{
  "properties": {
    "connectionReferences": {
      "shared_sharepointonline-1": {
        "api": {
          "name": "shared_sharepointonline"
        },
        "connection": {
          "connectionReferenceLogicalName": "fa_sharedsharepointonline_be196"
        },
        "runtimeSource": "embedded"
      }
    },
    "definition": {
      "$schema": "https://schema.management.azure.com/providers/Microsoft.Logic/schemas/2016-06-01/workflowdefinition.json#",
      "contentVersion": "1.0.0.0",
      "parameters": {
        "$authentication": {
          "defaultValue": {},
          "type": "SecureObject"
        },
        "$connections": {
          "defaultValue": {},
          "type": "Object"
        },
        "TDD Solution Site URL (fa_TDDSolutionSite)": {
          "defaultValue": "https://autonomateio.sharepoint.com/sites/FemiSandbox",
          "type": "String",
          "metadata": {
            "schemaName": "fa_TDDSolutionSite",
            "description": "The URL of the SharePoint site where the solution ZIP files and documentation folders are located. Used to connect to SharePoint for both monitoring the solution upload folder and creating documentation folders."
          }
        },
        "TDD Document Library (fa_TDDSolutionDocumentfolder)": {
          "defaultValue": "2265ed39-e0de-4e9b-884b-c9f5f51ca7ab",
          "type": "String",
          "metadata": {
            "schemaName": "fa_TDDSolutionDocumentfolder",
            "description": "The name, (depending on the SharePoint connector configuration) of the SharePoint Document Library where solution ZIP files and generated documentation are stored. This helps the workflow target the correct library within the SharePoint site."
          }
        }
      },
      "triggers": {
        "manual": {
          "type": "Request",
          "kind": "Button",
          "inputs": {
            "schema": {
              "type": "object",
              "properties": {
                "text": {
                  "title": "Solution Zip File ID",
                  "type": "string",
                  "x-ms-dynamically-added": true,
                  "description": "Please enter your input",
                  "x-ms-content-hint": "TEXT"
                },
                "text_1": {
                  "title": "Flow List Ids",
                  "type": "string",
                  "x-ms-dynamically-added": true,
                  "description": "Please enter your input",
                  "x-ms-content-hint": "TEXT"
                },
                "text_2": {
                  "title": "Flow Name",
                  "type": "string",
                  "x-ms-dynamically-added": true,
                  "description": "Please enter your input",
                  "x-ms-content-hint": "TEXT"
                },
                "text_3": {
                  "description": "Please enter your input",
                  "title": "Destination FolderPath",
                  "type": "string",
                  "x-ms-content-hint": "TEXT",
                  "x-ms-dynamically-added": true
                },
                "text_4": {
                  "description": "Please enter your input",
                  "title": "Flow json File",
                  "type": "string",
                  "x-ms-content-hint": "TEXT",
                  "x-ms-dynamically-added": true
                }
              },
              "required": [
                "text",
                "text_1",
                "text_2",
                "text_3",
                "text_4"
              ]
            }
          },
          "metadata": {
            "operationMetadataId": "e42757a9-e4fe-4eb5-b42c-dec7cfbd2a3d"
          }
        }
      },
      "actions": {
        "Scope_-_Generate_Documentation_for_Individual_Flow": {
          "type": "Scope",
          "actions": {
            "Compose_-_Solution_Zip_File_ID": {
              "type": "Compose",
              "inputs": "@triggerBody()?['text']",
              "metadata": {
                "operationMetadataId": "9a5aa0c8-6cbf-4d05-ba74-052cb1c8d2a2"
              }
            },
            "Compose_-_Flow_ID_List_Input": {
              "type": "Compose",
              "inputs": "@triggerBody()['text_1']",
              "runAfter": {
                "Compose_-_Solution_Zip_File_ID": [
                  "Succeeded"
                ]
              },
              "metadata": {
                "operationMetadataId": "53f6d670-5736-43a4-bd46-a2db7c68d0cf"
              }
            },
            "Compose_-_Flow_Name_Input": {
              "type": "Compose",
              "inputs": "@triggerBody()['text_2']",
              "runAfter": {
                "Compose_-_Flow_ID_List_Input": [
                  "Succeeded"
                ]
              },
              "metadata": {
                "operationMetadataId": "53f6d670-5736-43a4-bd46-a2db7c68d0cf"
              }
            },
            "Run_a_Child_Flow_-_Retrieve_Cloud_flow_info": {
              "type": "Workflow",
              "inputs": {
                "host": {
                  "workflowReferenceName": "6ccbdc47-8e04-f011-bae3-7c1e5203836d"
                },
                "body": {
                  "text": "@outputs('Compose_-_Solution_Zip_File_ID')",
                  "text_1": "@outputs('Compose_-_Flow_ID_List_Input')",
                  "text_2": "@outputs('Compose_-_Flow_Name_Input')",
                  "text_3": "@outputs('Compose_-_Flow_json_File')"
                },
                "retryPolicy": {
                  "type": "fixed",
                  "count": 3,
                  "interval": "PT30S"
                }
              },
              "runAfter": {
                "Compose_-_Flow_json_File": [
                  "Succeeded"
                ]
              },
              "metadata": {
                "operationMetadataId": "6ecf9325-42b3-4752-ae22-7d4e1aa3be47"
              }
            },
            "Compose_-_AI_Prompt_-_Generate_Flow_Text_Description": {
              "type": "Compose",
              "inputs": "Using this code write-up:\n\n@{body('Run_a_Child_Flow_-_Retrieve_Cloud_flow_info')?['output']}\n\nCloud flow Name: @{outputs('Compose_-_Flow_Name_Input')}\n\nReturn a single JSON object with the following structure for the entire code:\nNo presumptions, clearly state as is.\n\n{\n  \"Flow Name\": \"The name of the flow.\",\n  \"Overview\": \"A detailed introduction and description of the flow's purpose, Its trigger type (Manual, Schedule or Automated) and its role within the larger system, written in multi-paragraph form, each seperated by \\n.\",\n  \"External Infrastructure Used\": \"Provide a list (of strings) of websites, applications, or APIs utilized by the flow.\",\n\"Trigger Overview\": \"If Manual, Return \\\"Manual Type\\\", If Scheduled, Return The Schedule Frequency, Time and Interval Setting, If Automated, Return The Information of the automated trigger. \",\n \"Input Variables\": \"Provide as a list (of strings) of each Input variable used in the code. The value for 'Name' should be the variable name as it appears in the code. For manual, the value for 'Name'  of inputs are the values of  \"title\" kys in the Properties n the inputs key. For auromated and Scheduled Flows use [] to encapsulate the result.\",\n  \"Output Variables\": \"Provide a list (of strings) of each Output variable used in the code.  The value for 'Name' should be the exact variable name as it appears in the code\",\n  \"External flow Dependencies\": \"Provide a list (of strings)  of all external flows or systems this flow depends on.\",\n  \"Core Logic\": \"Provide a well detailed breakdown of the key sections of the flow Its trigger type (Manual, Schedule or Automated), the actions and their purposes, written in multi-paragraph form, each seperated by \\n.\",\n  \"Error Handling\": \"Provide a list (of strings) of the error handling strategies implemented within the flow.\",\n  \"Connection References\": \"Provide a list (of strings) of the Display name of all connection references used in the flow.\",\n  \"BusinessException\": \"Provide a list (of strings) of each Business Exception (BE) found in the code. The 'BE Name' value should be the exact Business Exception name as it appears in the code\",\n  \"SystemException\": \"Provide a list (of strings) of each System Exception (SE) found in the code.  The 'SE Name' value should be the exact System Exception name as it appears in the code\"\n}\n\nAdditional Notes:\n1. The 'Cloud Flow Name' for each section is provided immediately after \"Desktop Flow Name:\" in the code write-up.\n2. If a Business Exception (BE) is present in multiple locations, list each occurrence separately as its own JSON object without summarizing.\n3. If a System Exception (SE) is present in multiple locations, list each occurrence separately as its own JSON object without summarizing.\n4. IMPORTANT: Do not use backslashes or other escape characters in your response. Instead of using special characters or symbols that would need escaping, replace them with descriptive text:\n   - Instead of using actual newlines, use the text '[NEWLINE]'\n   - Instead of using backslashes (\\\\), write '[BACKSLASH]'\n   - Instead of using plus signs (+), write '[PLUS]'\n   - Instead of using quote marks in text, use single quotes instead\n   - Avoid using any other special characters that might need escaping in JSON\n5. For newlines intended as paragraphs, use actual line breaks (\\n). if the \"\\n\" is used in the provided code for whatever reason, then use the proper JSON escape sequence \\\\n.",
              "runAfter": {
                "Run_a_Child_Flow_-_Retrieve_Cloud_flow_info": [
                  "Succeeded"
                ]
              },
              "metadata": {
                "operationMetadataId": "4656b582-f01e-461a-bce7-e6ad98ca2397"
              }
            },
            "Scope_-_Check_if_SVG_file_has_been_created": {
              "type": "Scope",
              "actions": {
                "Get_file_metadata_using_path_-_if_file_already_exists": {
                  "type": "OpenApiConnection",
                  "inputs": {
                    "parameters": {
                      "dataset": "@parameters('TDD Solution Site URL (fa_TDDSolutionSite)')",
                      "path": "@{outputs('Compose_-__Destination_Folder_Path_Input')}/@{outputs('Compose_-_Flow_Name_Input')}.svg"
                    },
                    "host": {
                      "apiId": "/providers/Microsoft.PowerApps/apis/shared_sharepointonline",
                      "operationId": "GetFileMetadataByPath",
                      "connectionName": "shared_sharepointonline-1"
                    }
                  },
                  "runAfter": {
                    "Compose_-_Cloud_Flow_Defination": [
                      "Succeeded"
                    ]
                  },
                  "metadata": {
                    "operationMetadataId": "07214309-bbce-4a10-92a7-422b32c7ce98"
                  }
                },
                "Compose_-_AI_Prompt_-_Generate_Flowchart_DOT_Code": {
                  "type": "Compose",
                  "inputs": "Using this code defination write-up:\n@{outputs('Compose_-_Cloud_Flow_Defination')}\n\n\nReturn a single JSON object with the following structure for the entire code:\n\n{\n   \"DOT Graphviz Code\": \"Generate DOT Graphviz code representing the flow with the following guidelines:\n      - Global Style:\n         - Use `rankdir=TB` to set a top-to-bottom flow direction.\n         - Define the default style for all nodes with: `node [shape=box, style=\\\"rounded,filled\\\", fillcolor=lightblue];`.\n      - Handling Scope:\n         - For each `Scope` :\n            - Create a separate box (outside the main flow) to represent the detailed logic of the Scope.\n            - Enclose the detailed logic in a `subgraph cluster_<Scope Name>` with the cluster labeled as the Scope name.\n            - In the main flow, represent the Scope as a single node (a box) labeled with the Scope name.\n            - Connect the main flow node representing the Scope to the cluster representing the Scope logic with a dotted edge.\n      - Handling Regions:\n         - All lines of code within a `Region` and `End Region` should be represented as a subgraph named `subgraph cluster_<RegionName>` and labeled appropriately.\n         - Nest region subgraphs within corresponding Scope clusters if applicable.\n      - Shapes for Components:\n         - Conditions/IF statements: diamond shapes.\n         - Actions: box shapes.\n         - Wait steps: ellipse shapes.\n         - Start/End nodes: oval shapes.\n         - Scopes, references, and run cloudflows: parallelogram shapes.\n         - Error handling: box shapes with `fillcolor=lightcoral`.\n      - Edge Styles:\n         - Use dotted edges for paths labeled 'False', 'Exception', or 'Error'.\n         - Keep edges unlabeled unless necessary.\n      - Simplified Text: Rewrite overly technical descriptions of actions\n         - Use concise, human-readable text for node labels.\n      - Flow Hierarchy:\n         - Connect nodes logically within and across clusters, ensuring a clean, organized flow.\n      - Consistency:\n         - Maintain a consistent style and formatting across the diagram.\n      - Ensure that in all subgraph and node definitions, multiple attributes are separated with semicolons (e.g., style=filled; fillcolor=lightgrey;), not commas. Example:  subgraph cluster_example {  label = \"Example\";  style=filled;\n  fillcolor=lightgrey; }\n\n      **Simplification for Documentation:**\n         - Simplify the visual presentation for documentation by reducing unnecessary details. \n         - Represent each Scope as a single node in the main flow (with detailed logic optionally in a summarized subgraph) and consolidate regions so that only high-level boundaries are shown.\n         - Use minimal labels and remove redundant or overly technical details while preserving the true code structure.\n         - The simplified diagram must retain the complete code flow without altering the underlying code structure.\n   \"\n}\n\n",
                  "runAfter": {
                    "Get_file_metadata_using_path_-_if_file_already_exists": [
                      "Failed"
                    ]
                  },
                  "metadata": {
                    "operationMetadataId": "4656b582-f01e-461a-bce7-e6ad98ca2397"
                  }
                },
                "Run_a_Child_Flow_-_AI_Flowchart_DOT_Code_Generation": {
                  "type": "Workflow",
                  "inputs": {
                    "host": {
                      "workflowReferenceName": "cdc0ea36-49e0-ef11-be21-0022483f293a"
                    },
                    "body": {
                      "text": "@outputs('Compose_-_AI_Prompt_-_Generate_Flowchart_DOT_Code')",
                      "text_1": "@outputs('Compose_-_Flow_Name_Input')",
                      "text_2": "Unit Flowchart Generation"
                    },
                    "retryPolicy": {
                      "type": "fixed",
                      "count": 2,
                      "interval": "PT30S"
                    }
                  },
                  "runAfter": {
                    "Compose_-_AI_Prompt_-_Generate_Flowchart_DOT_Code": [
                      "Succeeded"
                    ]
                  },
                  "limit": {
                    "timeout": "PT300S"
                  },
                  "metadata": {
                    "operationMetadataId": "6ecf9325-42b3-4752-ae22-7d4e1aa3be47"
                  }
                },
                "Compose_-_Graphviz_DOT_Code_Output": {
                  "type": "Compose",
                  "inputs": "@json(body('Run_a_Child_Flow_-_AI_Flowchart_DOT_code_Generation')?['ai_output'])?['DOT Graphviz Code']",
                  "runAfter": {
                    "Run_a_Child_Flow_-_AI_Flowchart_DOT_Code_Generation": [
                      "Succeeded"
                    ]
                  },
                  "metadata": {
                    "operationMetadataId": "df3612e6-7827-48c6-b96a-1c10b4d326ea"
                  }
                },
                "Run_a_Child_Flow_-_Generate_Flowchart_SVG": {
                  "type": "Workflow",
                  "inputs": {
                    "host": {
                      "workflowReferenceName": "db56444c-1ce4-ef11-be20-0022483f293a"
                    },
                    "body": {
                      "text": "@outputs('Compose_-_Graphviz_DOT_Code_Output')",
                      "text_1": "@outputs('Compose_-_Flow_Name_Input')",
                      "text_2": "@outputs('Compose_-__Destination_Folder_Path_Input')"
                    },
                    "retryPolicy": {
                      "type": "fixed",
                      "count": 3,
                      "interval": "PT20S"
                    }
                  },
                  "runAfter": {
                    "Compose_-_Graphviz_DOT_Code_Output": [
                      "Succeeded"
                    ]
                  },
                  "limit": {
                    "timeout": "PT300S"
                  },
                  "metadata": {
                    "operationMetadataId": "6ecf9325-42b3-4752-ae22-7d4e1aa3be47"
                  }
                },
                "Get_file_properties_-_For_Existing_SVG_File": {
                  "type": "OpenApiConnection",
                  "inputs": {
                    "parameters": {
                      "dataset": "@parameters('TDD Solution Site URL (fa_TDDSolutionSite)')",
                      "table": "@parameters('TDD Document Library (fa_TDDSolutionDocumentfolder)')",
                      "id": "@outputs('Get_file_metadata_using_path_-_if_file_already_exists')?['body/ItemId']"
                    },
                    "host": {
                      "apiId": "/providers/Microsoft.PowerApps/apis/shared_sharepointonline",
                      "operationId": "GetFileItem",
                      "connectionName": "shared_sharepointonline-1"
                    }
                  },
                  "runAfter": {
                    "Get_file_metadata_using_path_-_if_file_already_exists": [
                      "Succeeded"
                    ]
                  },
                  "metadata": {
                    "operationMetadataId": "8db1bdd5-d7cf-43c1-99ba-e0a1319fb84a"
                  }
                },
                "Compose_-_Cloud_Flow_Defination": {
                  "type": "Compose",
                  "inputs": "@body('Run_a_Child_Flow_-_Retrieve_Cloud_flow_info')?['output']"
                }
              },
              "runAfter": {
                "Run_a_Child_Flow_-_AI_Text_Generation_for_Flow": [
                  "Succeeded"
                ]
              },
              "metadata": {
                "operationMetadataId": "614f87f7-70fe-4ae4-a077-e3de1915a58d"
              }
            },
            "Compose_-__Destination_Folder_Path_Input": {
              "type": "Compose",
              "inputs": "@triggerBody()?['text_3']",
              "runAfter": {
                "Compose_-_Flow_Name_Input": [
                  "Succeeded"
                ]
              },
              "metadata": {
                "operationMetadataId": "e43caab9-fa5f-4492-a950-c14f983997f0"
              }
            },
            "Run_a_Child_Flow_-_AI_Text_Generation_for_Flow": {
              "type": "Workflow",
              "inputs": {
                "host": {
                  "workflowReferenceName": "cdc0ea36-49e0-ef11-be21-0022483f293a"
                },
                "body": {
                  "text": "@outputs('Compose_-_AI_Prompt_-_Generate_Flow_Text_Description')",
                  "text_1": "@outputs('Compose_-_Flow_Name_Input')",
                  "text_2": "Unit Flow Text Generation"
                },
                "retryPolicy": {
                  "type": "fixed",
                  "count": 3,
                  "interval": "PT20S"
                }
              },
              "runAfter": {
                "Compose_-_AI_Prompt_-_Generate_Flow_Text_Description": [
                  "Succeeded"
                ]
              },
              "metadata": {
                "operationMetadataId": "6ecf9325-42b3-4752-ae22-7d4e1aa3be47"
              }
            },
            "Compose_-_SVG_Link": {
              "type": "Compose",
              "description": "Only one Diagram link can be true",
              "inputs": "@{body('Run_a_Child_Flow_-_Generate_Flowchart_SVG')?['link_to_svg_file']}@{outputs('Get_file_properties_-_For_Existing_SVG_File')?['body/{Link}']}",
              "runAfter": {
                "Scope_-_Check_if_SVG_file_has_been_created": [
                  "Succeeded",
                  "Failed"
                ]
              },
              "metadata": {
                "operationMetadataId": "18c549a2-4b64-4be6-9f2f-269c5dd2d48e"
              }
            },
            "Compose_-_Flow_json": {
              "type": "Compose",
              "inputs": {
                "Cloud Flow Name": "@{body('Parse_JSON_-_Individual_Flow_JSON')?['Flow Name']}",
                "Cloud Flow Overview": "@{body('Parse_JSON_-_Individual_Flow_JSON')?['Overview']} \n Link to flow diagram - @{outputs('Compose_-_Check_if_Link_is_empty')}",
                "External Infrastructure List": "@{join(body('Select_-_Create_Ext_Infrastructures_Array_with_Bullet_Points'), decodeUriComponent('%0A'))}",
                "External flows Used": "@{join(body('Select_-_Create_Ext_Infrastructures_Array_with_Bullet_Points'), decodeUriComponent('%0A'))}",
                "Input Variable List": "@{join(body('Select_-_Create_Input_Variables_Array_with_Bullet_Points'), decodeUriComponent('%0A'))}",
                "Output Variable List": "@{join(body('Select_-_Create_Output_Variables_Array_with_Bullet_Points'), decodeUriComponent('%0A'))}",
                "Core Logic": "@{body('Parse_JSON_-_Individual_Flow_JSON')?['Core Logic']}",
                "Error Handling List": "@{join(body('Select_-_Create_Error_handling_Array_with_Bullet_Points'), decodeUriComponent('%0A'))}",
                "Connection Reference List": "@{join(body('Select_-_Create_Connection_Ref_Array_with_Bullet_Points'), decodeUriComponent('%0A'))}",
                "Business Exception List": "@{join(body('Select_-_Create_BE_Array_with_Bullet_Points'), decodeUriComponent('%0A'))}",
                "System Exception List": "@{join(body('Select_-_Create_SE_Array_with_Bullet_Points'), decodeUriComponent('%0A'))}",
                "Trigger Overview": "@{body('Parse_JSON_-_Individual_Flow_JSON')?['Trigger Overview']}"
              },
              "runAfter": {
                "Scope_-_Convert_lists_to_bullet_points": [
                  "Succeeded"
                ]
              },
              "metadata": {
                "operationMetadataId": "4435d25a-4a57-46da-8a9e-31057b266471"
              }
            },
            "Parse_JSON_-_Individual_Flow_JSON": {
              "type": "ParseJson",
              "inputs": {
                "content": "@body('Run_a_Child_Flow_-_AI_Text_Generation_for_Flow')?['ai_output']",
                "schema": {
                  "type": "object",
                  "properties": {
                    "Flow Name": {
                      "type": "string"
                    },
                    "Overview": {
                      "type": "string"
                    },
                    "External Infrastructure Used": {
                      "type": "array",
                      "items": {
                        "type": "string"
                      }
                    },
                    "Trigger Overview": {
                      "type": [
                        "string",
                        "object"
                      ]
                    },
                    "Input Variables": {
                      "type": [
                        "string",
                        "array"
                      ]
                    },
                    "Output Variables": {
                      "type": [
                        "string",
                        "array"
                      ]
                    },
                    "External flow Dependencies": {
                      "type": "array",
                      "items": {
                        "type": "string"
                      }
                    },
                    "Core Logic": {
                      "type": "string"
                    },
                    "Error Handling": {
                      "type": "array"
                    },
                    "Connection References": {
                      "type": "array",
                      "items": {
                        "type": "string"
                      }
                    },
                    "BusinessException": {
                      "type": "array"
                    },
                    "SystemException": {
                      "type": "array"
                    }
                  }
                }
              },
              "runAfter": {
                "Compose_-_Check_if_Link_is_empty": [
                  "Succeeded"
                ]
              },
              "metadata": {
                "operationMetadataId": "d16d03ee-eb87-4d42-be23-b5133b6ea4f1"
              }
            },
            "Compose_-_Check_if_Link_is_empty": {
              "type": "Compose",
              "description": "Usually if the diagram is  too complex to generate\n:TODO - Simplify diagram if complexity occurs",
              "inputs": "@if(empty(trim(outputs('Compose_-_SVG_Link'))),'Warning: Could not generate diagram', outputs('Compose_-_SVG_Link'))",
              "runAfter": {
                "Compose_-_SVG_Link": [
                  "Succeeded"
                ]
              },
              "metadata": {
                "operationMetadataId": "adb035eb-079c-4031-a286-ec5ceba2dda6"
              }
            },
            "Scope_-_Convert_lists_to_bullet_points": {
              "type": "Scope",
              "actions": {
                "Select_-_Create_Input_variables_Array_with_Bullet_Points": {
                  "type": "Select",
                  "inputs": {
                    "from": "@body('Parse_JSON_-_Individual_Flow_JSON')?['Input Variables']",
                    "select": "@concat(decodeUriComponent('%09%09%E2%80%A2%09'),item())"
                  },
                  "metadata": {
                    "operationMetadataId": "665ea28b-d3db-4139-8711-890c1a49c8f4"
                  }
                },
                "Select_-_Create_Output_Variables_Array_with_Bullet_Points": {
                  "type": "Select",
                  "inputs": {
                    "from": "@body('Parse_JSON_-_Individual_Flow_JSON')?['Output Variables']",
                    "select": "@concat(decodeUriComponent('%09%09%E2%80%A2%09'), item())"
                  },
                  "runAfter": {
                    "Select_-_Create_Input_variables_Array_with_Bullet_Points": [
                      "Succeeded"
                    ]
                  },
                  "metadata": {
                    "operationMetadataId": "665ea28b-d3db-4139-8711-890c1a49c8f4"
                  }
                },
                "Select_-_Create_Ext_Infrastructures_Array_with_Bullet_Points": {
                  "type": "Select",
                  "inputs": {
                    "from": "@body('Parse_JSON_-_Individual_Flow_JSON')?['External Infrastructure Used']",
                    "select": "@concat(decodeUriComponent('%09%09%E2%80%A2%09'), item())"
                  },
                  "runAfter": {
                    "Select_-_Create_Output_Variables_Array_with_Bullet_Points": [
                      "Succeeded"
                    ]
                  },
                  "metadata": {
                    "operationMetadataId": "665ea28b-d3db-4139-8711-890c1a49c8f4"
                  }
                },
                "Select_-_Create_External_system_Array_with_Bullet_Point": {
                  "type": "Select",
                  "inputs": {
                    "from": "@body('Parse_JSON_-_Individual_Flow_JSON')?['External flow Dependencies']",
                    "select": "@concat(decodeUriComponent('%09%09%E2%80%A2%09'), item())"
                  },
                  "runAfter": {
                    "Select_-_Create_Ext_Infrastructures_Array_with_Bullet_Points": [
                      "Succeeded"
                    ]
                  },
                  "metadata": {
                    "operationMetadataId": "665ea28b-d3db-4139-8711-890c1a49c8f4"
                  }
                },
                "Select_-_Create_Error_handling_Array_with_Bullet_Points": {
                  "type": "Select",
                  "inputs": {
                    "from": "@body('Parse_JSON_-_Individual_Flow_JSON')?['Error Handling']",
                    "select": "@concat(decodeUriComponent('%09%09%E2%80%A2%09'), item())"
                  },
                  "runAfter": {
                    "Select_-_Create_External_system_Array_with_Bullet_Point": [
                      "Succeeded"
                    ]
                  },
                  "metadata": {
                    "operationMetadataId": "665ea28b-d3db-4139-8711-890c1a49c8f4"
                  }
                },
                "Select_-_Create_Connection_Ref_Array_with_Bullet_Points": {
                  "type": "Select",
                  "inputs": {
                    "from": "@body('Parse_JSON_-_Individual_Flow_JSON')?['Connection References']",
                    "select": "@concat(decodeUriComponent('%09%09%E2%80%A2%09'), item())"
                  },
                  "runAfter": {
                    "Select_-_Create_Error_handling_Array_with_Bullet_Points": [
                      "Succeeded"
                    ]
                  },
                  "metadata": {
                    "operationMetadataId": "665ea28b-d3db-4139-8711-890c1a49c8f4"
                  }
                },
                "Select_-_Create_BE_Array_with_Bullet_Points": {
                  "type": "Select",
                  "inputs": {
                    "from": "@body('Parse_JSON_-_Individual_Flow_JSON')?['BusinessException']",
                    "select": "@concat(decodeUriComponent('%09%09%E2%80%A2%09'), item())"
                  },
                  "runAfter": {
                    "Select_-_Create_Connection_Ref_Array_with_Bullet_Points": [
                      "Succeeded"
                    ]
                  },
                  "metadata": {
                    "operationMetadataId": "665ea28b-d3db-4139-8711-890c1a49c8f4"
                  }
                },
                "Select_-_Create_SE_Array_with_Bullet_Points": {
                  "type": "Select",
                  "inputs": {
                    "from": "@body('Parse_JSON_-_Individual_Flow_JSON')?['SystemException']",
                    "select": "@concat(decodeUriComponent('%09%09%E2%80%A2%09'), item())"
                  },
                  "runAfter": {
                    "Select_-_Create_BE_Array_with_Bullet_Points": [
                      "Succeeded"
                    ]
                  },
                  "metadata": {
                    "operationMetadataId": "665ea28b-d3db-4139-8711-890c1a49c8f4"
                  }
                }
              },
              "runAfter": {
                "Parse_JSON_-_Individual_Flow_JSON": [
                  "Succeeded"
                ]
              },
              "metadata": {
                "operationMetadataId": "27fd2fd7-d54c-4f1c-bfa6-a751dacf1a72"
              }
            },
            "Compose_-_Flow_json_File": {
              "type": "Compose",
              "inputs": "@triggerBody()?['text_4']",
              "runAfter": {
                "Compose_-__Destination_Folder_Path_Input": [
                  "Succeeded"
                ]
              },
              "metadata": {
                "operationMetadataId": "e43caab9-fa5f-4492-a950-c14f983997f0"
              }
            }
          },
          "runAfter": {},
          "metadata": {
            "operationMetadataId": "671fabe1-13c9-460b-9120-5cacdde934c1"
          }
        },
        "Respond_to_a_Power_App_or_flow": {
          "type": "Response",
          "kind": "PowerApp",
          "inputs": {
            "schema": {
              "type": "object",
              "properties": {
                "flow_text": {
                  "title": "Flow Text",
                  "x-ms-dynamically-added": true,
                  "type": "string"
                },
                "flow_json": {
                  "title": "Flow json",
                  "x-ms-dynamically-added": true,
                  "type": "string"
                }
              },
              "additionalProperties": {}
            },
            "statusCode": 200,
            "body": {
              "flow_text": "@{body('Run_a_Child_Flow_-_Retrieve_Cloud_flow_info')?['output']}",
              "flow_json": "@{outputs('Compose_-_Flow_json')}"
            }
          },
          "runAfter": {
            "Scope_-_Generate_Documentation_for_Individual_Flow": [
              "Succeeded",
              "Skipped",
              "Failed",
              "TimedOut"
            ]
          },
          "metadata": {
            "operationMetadataId": "baf70d7d-68b4-4fa3-84a2-aacb8bdcdaec"
          }
        }
      }
    },
    "templateName": null
  },
  "schemaVersion": "1.0.0.0"
}