{
  "properties": {
    "connectionReferences": {},
    "definition": {
      "$schema": "https://schema.management.azure.com/providers/Microsoft.Logic/schemas/2016-06-01/workflowdefinition.json#",
      "contentVersion": "1.0.0.0",
      "parameters": {
        "$authentication": {
          "defaultValue": {},
          "type": "SecureObject"
        },
        "$connections": {
          "defaultValue": {},
          "type": "Object"
        }
      },
      "triggers": {
        "manual": {
          "type": "Request",
          "kind": "Button",
          "inputs": {
            "schema": {
              "type": "object",
              "properties": {
                "text": {
                  "description": "Please enter your input",
                  "title": "Zip File ID",
                  "type": "string",
                  "x-ms-content-hint": "TEXT",
                  "x-ms-dynamically-added": true
                },
                "text_1": {
                  "description": "Please enter your input",
                  "title": "Destination FolderPath",
                  "type": "string",
                  "x-ms-content-hint": "TEXT",
                  "x-ms-dynamically-added": true
                },
                "text_2": {
                  "description": "Please enter your input",
                  "title": "Document File name",
                  "type": "string",
                  "x-ms-content-hint": "TEXT",
                  "x-ms-dynamically-added": true
                }
              },
              "required": [
                "text",
                "text_1",
                "text_2"
              ]
            }
          },
          "metadata": {
            "operationMetadataId": "f47f7ce1-53f2-438c-8d50-cc45c4eb5f26"
          }
        }
      },
      "actions": {
        "Compose_-_Customization_XML_as_JSON_Output": {
          "type": "Compose",
          "inputs": "@body('Run_a_Child_Flow_-_Extract_Solution_XML_to_JSON')?['json_output']",
          "runAfter": {
            "Initialize_variable_-_Business_Exceptions": [
              "Succeeded"
            ]
          },
          "metadata": {
            "operationMetadataId": "bf48b58c-e281-4d78-98b6-71a613ac68bb"
          }
        },
        "Run_a_Child_Flow_-_Extract_Solution_XML_to_JSON": {
          "type": "Workflow",
          "inputs": {
            "host": {
              "workflowReferenceName": "88934fac-3fda-ef11-a730-0022483f293a"
            },
            "body": {
              "text": "@outputs('Compose_-_Zip_File_ID_Input')"
            }
          },
          "runAfter": {
            "Compose_-_Zip_File_ID_Input": [
              "Succeeded"
            ]
          },
          "metadata": {
            "operationMetadataId": "01595e9e-238c-43fd-8af6-3c965852c029"
          }
        },
        "Initialize_variable_-_Entire_Desktop_flow_info": {
          "type": "InitializeVariable",
          "inputs": {
            "variables": [
              {
                "name": "Entire Desktop flow Info",
                "type": "string"
              }
            ]
          },
          "runAfter": {
            "Run_a_Child_Flow_-_Extract_Solution_XML_to_JSON": [
              "Succeeded"
            ]
          },
          "metadata": {
            "operationMetadataId": "69c32d85-039c-42d1-9a7c-15ad22933706"
          }
        },
        "Initialize_variable_-_Desktop_flows_Repeating_sections": {
          "type": "InitializeVariable",
          "inputs": {
            "variables": [
              {
                "name": "Desktop flows Repeating sections",
                "type": "array"
              }
            ]
          },
          "runAfter": {
            "Initialize_variable_-_Entire_Cloud_flow_info": [
              "Succeeded"
            ]
          },
          "metadata": {
            "operationMetadataId": "2ccb6b6f-accb-45e4-ab01-2e40e8533561"
          }
        },
        "Initialize_variable_-_Business_Exceptions": {
          "type": "InitializeVariable",
          "inputs": {
            "variables": [
              {
                "name": "Business Exceptions",
                "type": "array"
              }
            ]
          },
          "runAfter": {
            "Initialize_variable_-_Connection_References": [
              "Succeeded"
            ]
          },
          "metadata": {
            "operationMetadataId": "f60c6981-37ce-4d23-84f9-df189f5c6b81"
          }
        },
        "Initialize_variable_-_Connection_References": {
          "type": "InitializeVariable",
          "inputs": {
            "variables": [
              {
                "name": "Connection References",
                "type": "array"
              }
            ]
          },
          "runAfter": {
            "Initialize_variable_-_Cloud_flows_Repeating_sections": [
              "Succeeded"
            ]
          },
          "metadata": {
            "operationMetadataId": "d8f0711b-ae47-4fb9-bca6-799108a80790"
          }
        },
        "Run_a_Child_Flow_-_Process_Entire_Flow_Text": {
          "type": "Workflow",
          "inputs": {
            "host": {
              "workflowReferenceName": "e864250e-34ea-ef11-be21-0022483f293a"
            },
            "body": {
              "text": "@{variables('Entire Desktop flow Info')}\n\\n\n\\n\n@{variables('Entire Cloud flow Info')}"
            },
            "retryPolicy": {
              "type": "fixed",
              "count": 3,
              "interval": "PT30S"
            }
          },
          "runAfter": {
            "Scope_-_Process_Desktop_flows": [
              "Succeeded"
            ],
            "Scope_-_Process_Cloud_flows": [
              "Succeeded"
            ]
          },
          "metadata": {
            "operationMetadataId": "7a068327-00c7-4099-9825-6a391582b1bc"
          }
        },
        "Compose_-_Document_XML_Content_as_JSON": {
          "type": "Compose",
          "inputs": {
            "Solution Name": "@{outputs('Compose_-_Document_File_Name_Input')} ",
            "Solution Overview": "@{body('Parse_JSON_-_Entire_Flow_Text_JSON')?['Overview']}",
            "repeatingSection Desktop flows": "@variables('Desktop flows Repeating sections')",
            "repeatingSection Cloud flows": "@variables('Cloud flows Repeating sections')",
            "Recommendation": "@{body('Parse_JSON_-_Entire_Flow_Text_JSON')?['Improvement Recommendation']}",
            "generatedDate": "@{formatDateTime(utcNow(), 'dd-MMM-yyyy')}"
          },
          "runAfter": {
            "Parse_JSON_-_Entire_Flow_Text_JSON": [
              "Succeeded"
            ]
          },
          "metadata": {
            "operationMetadataId": "ee7c09cc-c2ad-4ebc-9795-6a0453ddabeb"
          }
        },
        "Parse_JSON_-_Entire_Flow_Text_JSON": {
          "type": "ParseJson",
          "inputs": {
            "content": "@outputs('Compose_-_Entire_flow_text_json')",
            "schema": {
              "type": "object",
              "properties": {
                "Overview": {
                  "type": "string"
                },
                "Improvement Recommendation": {
                  "type": "string"
                }
              }
            }
          },
          "runAfter": {
            "Compose_-_Entire_flow_text_json": [
              "Succeeded"
            ]
          },
          "metadata": {
            "operationMetadataId": "7c0f97f5-97df-4676-84dc-a2ba007dcb72"
          }
        },
        "Respond_to_a_Power_App_or_flow": {
          "type": "Response",
          "kind": "PowerApp",
          "inputs": {
            "schema": {
              "type": "object",
              "properties": {},
              "additionalProperties": {}
            },
            "statusCode": 200,
            "body": {}
          },
          "runAfter": {
            "Run_a_Child_Flow_-_Generate_Formatted_Document": [
              "Succeeded"
            ]
          },
          "metadata": {
            "operationMetadataId": "0116a72e-a5dc-4c54-a384-9e8d0d6488b0"
          }
        },
        "Compose_-_Zip_File_ID_Input": {
          "type": "Compose",
          "inputs": "@triggerBody()?['text']",
          "runAfter": {
            "Compose_-_Document_File_Name_Input": [
              "Succeeded"
            ]
          },
          "metadata": {
            "operationMetadataId": "3bc1dcd0-a34a-4d49-83ed-ccd83bbd6761"
          }
        },
        "Compose_-_Destination_Folder_Path_Input": {
          "type": "Compose",
          "inputs": "@triggerBody()?['text_1']",
          "runAfter": {},
          "metadata": {
            "operationMetadataId": "68e921c0-c42b-4f6d-9327-dc6c86469f56"
          }
        },
        "Compose_-_Document_File_Name_Input": {
          "type": "Compose",
          "inputs": "@triggerBody()?['text_2']",
          "runAfter": {
            "Compose_-_Destination_Folder_Path_Input": [
              "Succeeded"
            ]
          },
          "metadata": {
            "operationMetadataId": "be05d9be-1b6d-4ca0-9016-7e17922a5243"
          }
        },
        "Run_a_Child_Flow_-_Generate_Formatted_Document": {
          "type": "Workflow",
          "inputs": {
            "host": {
              "workflowReferenceName": "bf5d00c0-2ed8-ef11-a730-6045bd0f1d25"
            },
            "body": {
              "text": "@string(outputs('Compose_-_Document_XML_Content_as_JSON'))",
              "text_1": "@outputs('Compose_-_Destination_Folder_Path_Input')",
              "text_2": "@outputs('Compose_-_Document_File_Name_Input')"
            },
            "retryPolicy": {
              "type": "fixed",
              "count": 3,
              "interval": "PT30S"
            }
          },
          "runAfter": {
            "Compose_-_Document_XML_Content_as_JSON": [
              "Succeeded"
            ]
          },
          "metadata": {
            "operationMetadataId": "562ce494-da64-4cfe-9f4b-fd5b415db0ec"
          }
        },
        "Compose_-_Entire_flow_text_json": {
          "type": "Compose",
          "inputs": "@json(outputs('Run_a_Child_Flow_-_Process_Entire_Flow_Text')?['Body']?['entire_flow_json'])",
          "runAfter": {
            "Run_a_Child_Flow_-_Process_Entire_Flow_Text": [
              "Succeeded"
            ]
          },
          "metadata": {
            "operationMetadataId": "0d103603-23db-4094-9472-becee717da2e"
          }
        },
        "Scope_-_Process_Desktop_flows": {
          "type": "Scope",
          "actions": {
            "Compose_-_Desktop_flow_category_(Value_6)": {
              "type": "Compose",
              "inputs": 6,
              "metadata": {
                "operationMetadataId": "cbe7fc74-badd-4f43-9c01-b74f9b44833d"
              }
            },
            "Filter_array_-_Get_desktop_flows": {
              "type": "Query",
              "inputs": {
                "from": "@body('Parse_JSON_-_Customization_XML_JSON')?['ImportExportXml']?['Workflows']?['Workflow']",
                "where": "@equals(trim(string(item()?['Category'])),string(outputs('Compose_-_Desktop_flow_category_(Value_6)')))"
              },
              "runAfter": {
                "Compose_-_Desktop_flow_category_(Value_6)": [
                  "Succeeded"
                ]
              },
              "metadata": {
                "operationMetadataId": "f9ee74c1-9a79-4a74-b511-0f877b67a5f9"
              }
            },
            "For_each_-_Desktop_flows": {
              "type": "Foreach",
              "foreach": "@outputs('Filter_array_-_Get_desktop_flows')['body']",
              "actions": {
                "Scope_-_Process_Individual_Desktop_Flow": {
                  "type": "Scope",
                  "actions": {
                    "Compose_-_Individual_Desktop_Flow_Input": {
                      "type": "Compose",
                      "inputs": "@string(item())",
                      "metadata": {
                        "operationMetadataId": "9a5aa0c8-6cbf-4d05-ba74-052cb1c8d2a2"
                      }
                    },
                    "Compose_-_Individual_Desktop_Flow_Name": {
                      "type": "Compose",
                      "inputs": "@items('For_each_-_Desktop_flows')?['@Name']",
                      "runAfter": {
                        "Compose_-_Individual_Desktop_Flow_Input": [
                          "Succeeded"
                        ]
                      },
                      "metadata": {
                        "operationMetadataId": "53f6d670-5736-43a4-bd46-a2db7c68d0cf"
                      }
                    },
                    "Run_a_Child_Flow_-_Process_Individual_Desktop_flow": {
                      "type": "Workflow",
                      "inputs": {
                        "host": {
                          "workflowReferenceName": "ad2f8be5-87e5-ef11-be21-0022483f293a"
                        },
                        "body": {
                          "text": "@outputs('Compose_-_Individual_Desktop_Flow_Input')",
                          "text_1": "@outputs('Compose_-_Flow_ID_List_Input')",
                          "text_2": "@outputs('Compose_-_Individual_Desktop_Flow_Name')",
                          "text_3": "@outputs('Compose_-_Destination_Folder_Path_Input')"
                        },
                        "retryPolicy": {
                          "type": "fixed",
                          "count": 3,
                          "interval": "PT30S"
                        }
                      },
                      "runAfter": {
                        "Compose_-_Individual_Desktop_Flow_Name": [
                          "Succeeded"
                        ]
                      },
                      "limit": {
                        "timeout": "PT600S"
                      },
                      "metadata": {
                        "operationMetadataId": "e26066e9-ccae-4a32-a26f-88ceb6285a48"
                      }
                    },
                    "Append_to_string_variable_-_Desktop_Flow_Info_to_Entire_Desktop_Flow_Info_Var": {
                      "type": "AppendToStringVariable",
                      "inputs": {
                        "name": "Entire Desktop flow Info",
                        "value": "@{body('Run_a_Child_Flow_-_Process_Individual_Desktop_flow')?['flow_text']}\n"
                      },
                      "runAfter": {
                        "Run_a_Child_Flow_-_Process_Individual_Desktop_flow": [
                          "Succeeded"
                        ]
                      },
                      "metadata": {
                        "operationMetadataId": "7f70f777-eee7-4748-9191-deb0855bf469"
                      }
                    },
                    "Scope_-_Process_Repeating_Section_(Desktop_Flow_Details)": {
                      "type": "Scope",
                      "actions": {
                        "Compose_-_Repeating_Section_Content_for_Desktop_flows": {
                          "type": "Compose",
                          "inputs": "@json(body('Run_a_Child_Flow_-_Process_Individual_Desktop_flow')?['flow_json'])",
                          "metadata": {
                            "operationMetadataId": "4435d25a-4a57-46da-8a9e-31057b266471"
                          }
                        },
                        "Append_to_array_variable_-_Repeating_Section_Content_for_Desktop_flows": {
                          "type": "AppendToArrayVariable",
                          "inputs": {
                            "name": "Desktop flows Repeating sections",
                            "value": "@outputs('Compose_-_Repeating_Section_Content_for_Desktop_flows')"
                          },
                          "runAfter": {
                            "Compose_-_Repeating_Section_Content_for_Desktop_flows": [
                              "Succeeded"
                            ]
                          },
                          "metadata": {
                            "operationMetadataId": "30bef837-12b0-4205-a264-731f7d381f3f"
                          }
                        }
                      },
                      "runAfter": {
                        "Append_to_string_variable_-_Desktop_Flow_Info_to_Entire_Desktop_Flow_Info_Var": [
                          "Succeeded"
                        ]
                      },
                      "metadata": {
                        "operationMetadataId": "5192540b-3a08-45da-bd97-3a3331ec53be"
                      }
                    }
                  },
                  "metadata": {
                    "operationMetadataId": "0bb7ce79-5ac7-488b-9ec2-854d22001c53"
                  }
                }
              },
              "runAfter": {
                "Filter_array_-_Get_desktop_flows": [
                  "Succeeded"
                ]
              },
              "runtimeConfiguration": {
                "concurrency": {
                  "repetitions": 10
                }
              },
              "metadata": {
                "operationMetadataId": "44578bcb-c555-4b87-8cec-d00885d5ee31"
              }
            }
          },
          "runAfter": {
            "Scope_-_Get_Flow_IDs": [
              "Succeeded"
            ]
          },
          "metadata": {
            "operationMetadataId": "8c90b5a2-b936-4b79-92b7-68d3a3508b12"
          }
        },
        "Parse_JSON_-_Customization_XML_JSON": {
          "type": "ParseJson",
          "inputs": {
            "content": "@outputs('Compose_-_Customization_XML_as_JSON_Output')",
            "schema": {
              "type": "object",
              "properties": {
                "ImportExportXml": {
                  "type": "object",
                  "properties": {
                    "@@xmlns:xsi": {
                      "type": "string"
                    },
                    "@@OrganizationVersion": {
                      "type": "string"
                    },
                    "@@OrganizationSchemaType": {
                      "type": "string"
                    },
                    "@@CRMServerServiceabilityVersion": {
                      "type": "string"
                    },
                    "Entities": {
                      "type": "string"
                    },
                    "Roles": {
                      "type": "string"
                    },
                    "Workflows": {
                      "type": "object",
                      "properties": {
                        "Workflow": {
                          "type": "array",
                          "items": {
                            "type": "object",
                            "properties": {
                              "@@WorkflowId": {
                                "type": "string"
                              },
                              "@@Name": {
                                "type": "string"
                              },
                              "JsonFileName": {
                                "type": "string"
                              },
                              "Type": {
                                "type": "string"
                              },
                              "Subprocess": {
                                "type": "string"
                              },
                              "Category": {
                                "type": "string"
                              },
                              "Mode": {
                                "type": "string"
                              },
                              "Scope": {
                                "type": "string"
                              },
                              "OnDemand": {
                                "type": "string"
                              },
                              "TriggerOnCreate": {
                                "type": "string"
                              },
                              "TriggerOnDelete": {
                                "type": "string"
                              },
                              "AsyncAutodelete": {
                                "type": "string"
                              },
                              "SyncWorkflowLogOnFailure": {
                                "type": "string"
                              },
                              "StateCode": {
                                "type": "string"
                              },
                              "StatusCode": {
                                "type": "string"
                              },
                              "RunAs": {
                                "type": "string"
                              },
                              "IsTransacted": {
                                "type": "string"
                              },
                              "IntroducedVersion": {
                                "type": "string"
                              },
                              "IsCustomizable": {
                                "type": "string"
                              },
                              "UIFlowType": {
                                "type": "string"
                              },
                              "IsCustomProcessingStepAllowedForOtherPublishers": {
                                "type": "string"
                              },
                              "Metadata": {
                                "type": "string"
                              },
                              "Inputs": {
                                "type": "string"
                              },
                              "Outputs": {
                                "type": "string"
                              },
                              "Dependencies": {
                                "type": "string"
                              },
                              "ConnectionReferences": {
                                "type": "string"
                              },
                              "Definition": {
                                "type": "string"
                              },
                              "SchemaVersion": {
                                "type": "string"
                              },
                              "DesktopFlowModules": {
                                "type": "string"
                              },
                              "PrimaryEntity": {
                                "type": "string"
                              },
                              "LocalizedNames": {
                                "type": "object",
                                "properties": {
                                  "LocalizedName": {
                                    "type": "object",
                                    "properties": {
                                      "@@languagecode": {
                                        "type": "string"
                                      },
                                      "@@description": {
                                        "type": "string"
                                      }
                                    }
                                  }
                                }
                              },
                              "BusinessProcessType": {
                                "type": "string"
                              }
                            },
                            "required": [
                              "@@WorkflowId",
                              "@@Name",
                              "JsonFileName",
                              "Type",
                              "Subprocess",
                              "Category",
                              "Mode",
                              "Scope",
                              "OnDemand",
                              "TriggerOnCreate",
                              "TriggerOnDelete",
                              "AsyncAutodelete",
                              "SyncWorkflowLogOnFailure",
                              "StateCode",
                              "StatusCode",
                              "RunAs",
                              "IsTransacted",
                              "IntroducedVersion",
                              "IsCustomizable",
                              "IsCustomProcessingStepAllowedForOtherPublishers",
                              "PrimaryEntity",
                              "LocalizedNames"
                            ]
                          }
                        }
                      }
                    },
                    "FieldSecurityProfiles": {
                      "type": "string"
                    },
                    "Templates": {},
                    "EntityMaps": {},
                    "EntityRelationships": {},
                    "OrganizationSettings": {},
                    "optionsets": {},
                    "CustomControls": {},
                    "EntityDataProviders": {},
                    "connectionreferences": {
                      "type": "object",
                      "properties": {
                        "connectionreference": {
                          "type": "array",
                          "items": {
                            "type": "object",
                            "properties": {
                              "@@connectionreferencelogicalname": {
                                "type": "string"
                              },
                              "connectionreferencedisplayname": {
                                "type": "string"
                              },
                              "connectorid": {
                                "type": "string"
                              },
                              "description": {
                                "type": "string"
                              },
                              "iscustomizable": {
                                "type": "string"
                              },
                              "statecode": {
                                "type": "string"
                              },
                              "statuscode": {
                                "type": "string"
                              }
                            },
                            "required": [
                              "@@connectionreferencelogicalname"
                            ]
                          }
                        }
                      }
                    },
                    "workqueues": {
                      "type": "object",
                      "properties": {
                        "workqueue": {}
                      }
                    },
                    "Languages": {
                      "type": "object",
                      "properties": {
                        "Language": {
                          "type": "string"
                        }
                      }
                    }
                  }
                }
              }
            }
          },
          "runAfter": {
            "Compose_-_Customization_XML_as_JSON_Output": [
              "Succeeded"
            ]
          },
          "metadata": {
            "operationMetadataId": "e001d183-e1f2-4189-b1e1-d4c8917c05d4"
          }
        },
        "Scope_-_Process_Cloud_flows": {
          "type": "Scope",
          "actions": {
            "Compose_-_Cloud_flow_category_(Value_5)": {
              "type": "Compose",
              "inputs": 5,
              "metadata": {
                "operationMetadataId": "cbe7fc74-badd-4f43-9c01-b74f9b44833d"
              }
            },
            "Filter_array_-_Get_Cloud_flows": {
              "type": "Query",
              "inputs": {
                "from": "@body('Parse_JSON_-_Customization_XML_JSON')?['ImportExportXml']?['Workflows']?['Workflow']",
                "where": "@equals(trim(string(item()?['Category'])),string(outputs('Compose_-_Cloud_flow_category_(Value_5)')))"
              },
              "runAfter": {
                "Compose_-_Cloud_flow_category_(Value_5)": [
                  "Succeeded"
                ]
              },
              "metadata": {
                "operationMetadataId": "f9ee74c1-9a79-4a74-b511-0f877b67a5f9"
              }
            },
            "For_each_-_Cloud_flows": {
              "type": "Foreach",
              "foreach": "@outputs('Filter_array_-_Get_Cloud_flows')['body']",
              "actions": {
                "Scope_-_Process_Individual_Cloud_Flow": {
                  "type": "Scope",
                  "actions": {
                    "Compose_-_Individual_Cloud_Flow_Input": {
                      "type": "Compose",
                      "inputs": "@string(item())",
                      "metadata": {
                        "operationMetadataId": "9a5aa0c8-6cbf-4d05-ba74-052cb1c8d2a2"
                      }
                    },
                    "Compose_-_Individual_Cloud_Flow_Name": {
                      "type": "Compose",
                      "inputs": "@items('For_each_-_Cloud_flows')?['@Name']",
                      "runAfter": {
                        "Compose_-_Individual_Cloud_Flow_json_File": [
                          "Succeeded"
                        ]
                      },
                      "metadata": {
                        "operationMetadataId": "53f6d670-5736-43a4-bd46-a2db7c68d0cf"
                      }
                    },
                    "Run_a_Child_Flow_-_Process_Individual_Cloud_flow": {
                      "type": "Workflow",
                      "inputs": {
                        "host": {
                          "workflowReferenceName": "3e56de9f-8b04-f011-bae3-7c1e5203836d"
                        },
                        "body": {
                          "text": "@outputs('Compose_-_Zip_File_ID_Input')",
                          "text_1": "@outputs('Compose_-_Flow_ID_List_Input')",
                          "text_2": "@outputs('Compose_-_Individual_Cloud_Flow_Name')",
                          "text_3": "@outputs('Compose_-_Destination_Folder_Path_Input')",
                          "text_4": "@outputs('Compose_-_Individual_Cloud_Flow_json_File')"
                        },
                        "retryPolicy": {
                          "type": "fixed",
                          "count": 3,
                          "interval": "PT30S"
                        }
                      },
                      "runAfter": {
                        "Compose_-_Individual_Cloud_Flow_Name": [
                          "Succeeded"
                        ]
                      },
                      "limit": {
                        "timeout": "PT600S"
                      },
                      "metadata": {
                        "operationMetadataId": "e26066e9-ccae-4a32-a26f-88ceb6285a48"
                      }
                    },
                    "Append_to_string_variable_-_Cloud_Flow_Info_to_Entire_Cloud_Flow_Info_Var": {
                      "type": "AppendToStringVariable",
                      "inputs": {
                        "name": "Entire Cloud flow Info",
                        "value": "@{body('Run_a_Child_Flow_-_Process_Individual_Cloud_flow')?['flow_text']}\n"
                      },
                      "runAfter": {
                        "Run_a_Child_Flow_-_Process_Individual_Cloud_flow": [
                          "Succeeded"
                        ]
                      },
                      "metadata": {
                        "operationMetadataId": "7f70f777-eee7-4748-9191-deb0855bf469"
                      }
                    },
                    "Scope_-_Process_Repeating_Section_(Cloud_Flow_Details)": {
                      "type": "Scope",
                      "actions": {
                        "Compose_-_Repeating_Section_Content_for_Cloud_flows": {
                          "type": "Compose",
                          "inputs": "@json(body('Run_a_Child_Flow_-_Process_Individual_Cloud_flow')?['flow_json'])",
                          "metadata": {
                            "operationMetadataId": "4435d25a-4a57-46da-8a9e-31057b266471"
                          }
                        },
                        "Append_to_array_variable_-_Repeating_Section_Content_for_Cloud_flows": {
                          "type": "AppendToArrayVariable",
                          "inputs": {
                            "name": "Cloud flows Repeating sections",
                            "value": "@outputs('Compose_-_Repeating_Section_Content_for_Cloud_flows')"
                          },
                          "runAfter": {
                            "Compose_-_Repeating_Section_Content_for_Cloud_flows": [
                              "Succeeded"
                            ]
                          },
                          "metadata": {
                            "operationMetadataId": "30bef837-12b0-4205-a264-731f7d381f3f"
                          }
                        }
                      },
                      "runAfter": {
                        "Append_to_string_variable_-_Cloud_Flow_Info_to_Entire_Cloud_Flow_Info_Var": [
                          "Succeeded"
                        ]
                      },
                      "metadata": {
                        "operationMetadataId": "5192540b-3a08-45da-bd97-3a3331ec53be"
                      }
                    },
                    "Compose_-_Individual_Cloud_Flow_json_File": {
                      "type": "Compose",
                      "inputs": "@items('For_each_-_Cloud_flows')?['JsonFileName']",
                      "runAfter": {
                        "Compose_-_Individual_Cloud_Flow_Input": [
                          "Succeeded"
                        ]
                      },
                      "metadata": {
                        "operationMetadataId": "53f6d670-5736-43a4-bd46-a2db7c68d0cf"
                      }
                    }
                  },
                  "metadata": {
                    "operationMetadataId": "0bb7ce79-5ac7-488b-9ec2-854d22001c53"
                  }
                }
              },
              "runAfter": {
                "Filter_array_-_Get_Cloud_flows": [
                  "Succeeded"
                ]
              },
              "runtimeConfiguration": {
                "concurrency": {
                  "repetitions": 10
                }
              },
              "metadata": {
                "operationMetadataId": "44578bcb-c555-4b87-8cec-d00885d5ee31"
              }
            }
          },
          "runAfter": {
            "Scope_-_Get_Flow_IDs": [
              "Succeeded"
            ]
          },
          "metadata": {
            "operationMetadataId": "a33b674d-4000-4b6c-99ab-16a1da41b7d9"
          }
        },
        "Initialize_variable_-_Entire_Cloud_flow_info": {
          "type": "InitializeVariable",
          "inputs": {
            "variables": [
              {
                "name": "Entire Cloud flow Info",
                "type": "string"
              }
            ]
          },
          "runAfter": {
            "Initialize_variable_-_Entire_Desktop_flow_info": [
              "Succeeded"
            ]
          },
          "metadata": {
            "operationMetadataId": "69c32d85-039c-42d1-9a7c-15ad22933706"
          }
        },
        "Initialize_variable_-_Cloud_flows_Repeating_sections": {
          "type": "InitializeVariable",
          "inputs": {
            "variables": [
              {
                "name": "Cloud flows Repeating sections",
                "type": "array"
              }
            ]
          },
          "runAfter": {
            "Initialize_variable_-_Desktop_flows_Repeating_sections": [
              "Succeeded"
            ]
          },
          "metadata": {
            "operationMetadataId": "2ccb6b6f-accb-45e4-ab01-2e40e8533561"
          }
        },
        "Scope_-_Get_Flow_IDs": {
          "type": "Scope",
          "actions": {
            "Select_-_Build_Workflow_ID_Replacement_List_for_flows": {
              "type": "Select",
              "inputs": {
                "from": "@body('Parse_JSON_-_Customization_XML_JSON')?['ImportExportXml']?['Workflows']?['Workflow']",
                "select": {
                  "SearchWord": "@{replace(replace(item()['@WorkflowId'], '{', ''), '}', '')}",
                  "ReplacementWord": "@item()['@name']"
                }
              },
              "metadata": {
                "operationMetadataId": "f2b97432-ea75-4fe6-9e53-54398de1beac"
              }
            },
            "Compose_-_Flow_ID_List_Input": {
              "type": "Compose",
              "inputs": "@string(body('Select_-_Build_Workflow_ID_Replacement_List_for_flows'))",
              "runAfter": {
                "Select_-_Build_Workflow_ID_Replacement_List_for_flows": [
                  "Succeeded"
                ]
              },
              "metadata": {
                "operationMetadataId": "53f6d670-5736-43a4-bd46-a2db7c68d0cf"
              }
            }
          },
          "runAfter": {
            "Parse_JSON_-_Customization_XML_JSON": [
              "Succeeded"
            ]
          },
          "metadata": {
            "operationMetadataId": "6c230e49-dfe6-4fd6-9c0f-1283c8658546"
          }
        }
      }
    },
    "templateName": null
  },
  "schemaVersion": "1.0.0.0"
}