{
  "properties": {
    "connectionReferences": {
      "shared_sharepointonline": {
        "runtimeSource": "embedded",
        "connection": {
          "connectionReferenceLogicalName": "fa_sharedsharepointonline_be196"
        },
        "api": {
          "name": "shared_sharepointonline"
        }
      },
      "shared_fa-5fzip-20folder-20operations-5f71779ace6cb872af": {
        "runtimeSource": "embedded",
        "connection": {
          "connectionReferenceLogicalName": "fa_sharedfa5fzip20folder20operations5f71779ace6cb872af_9b6b7"
        },
        "api": {
          "name": "shared_fa-5fzip-20folder-20operations-5f71779ace6cb872af",
          "logicalName": "fa_5Fzip-20folder-20operations"
        }
      }
    },
    "definition": {
      "$schema": "https://schema.management.azure.com/providers/Microsoft.Logic/schemas/2016-06-01/workflowdefinition.json#",
      "contentVersion": "1.0.0.0",
      "parameters": {
        "$authentication": {
          "defaultValue": {},
          "type": "SecureObject"
        },
        "$connections": {
          "defaultValue": {},
          "type": "Object"
        },
        "TDD Solution Site URL (fa_TDDSolutionSite)": {
          "defaultValue": "https://autonomateio.sharepoint.com/sites/FemiSandbox",
          "type": "String",
          "metadata": {
            "schemaName": "fa_TDDSolutionSite",
            "description": "The URL of the SharePoint site where the solution ZIP files and documentation folders are located. Used to connect to SharePoint for both monitoring the solution upload folder and creating documentation folders."
          }
        }
      },
      "triggers": {
        "manual": {
          "metadata": {
            "operationMetadataId": "1a71fe11-fab3-41de-aea7-a0ab34ac951e"
          },
          "type": "Request",
          "kind": "Button",
          "inputs": {
            "schema": {
              "type": "object",
              "properties": {
                "text": {
                  "title": "Solution Zip File ID",
                  "type": "string",
                  "x-ms-dynamically-added": true,
                  "description": "Please enter your input",
                  "x-ms-content-hint": "TEXT"
                },
                "text_1": {
                  "title": "FlowID List",
                  "type": "string",
                  "x-ms-dynamically-added": true,
                  "description": "Please enter your input",
                  "x-ms-content-hint": "TEXT"
                },
                "text_2": {
                  "description": "Please enter your input",
                  "title": "Flow Name",
                  "type": "string",
                  "x-ms-content-hint": "TEXT",
                  "x-ms-dynamically-added": true
                },
                "text_3": {
                  "description": "Please enter your input",
                  "title": "Flow json File",
                  "type": "string",
                  "x-ms-content-hint": "TEXT",
                  "x-ms-dynamically-added": true
                }
              },
              "required": [
                "text",
                "text_1",
                "text_2",
                "text_3"
              ]
            }
          }
        }
      },
      "actions": {
        "Respond_to_a_Power_App_or_flow": {
          "runAfter": {
            "Scope_-_Extract_and_Format_Cloud_Flow_Info": [
              "Succeeded"
            ]
          },
          "metadata": {
            "operationMetadataId": "4ad97a8a-c241-4ee2-af26-90d9250b99c0"
          },
          "type": "Response",
          "kind": "PowerApp",
          "inputs": {
            "schema": {
              "type": "object",
              "properties": {
                "output": {
                  "title": "output",
                  "x-ms-dynamically-added": true,
                  "type": "string"
                }
              },
              "additionalProperties": {}
            },
            "statusCode": 200,
            "body": {
              "output": "@{outputs('Compose_-_Cloud_Flow_Information_json')}"
            }
          }
        },
        "Scope_-_Extract_and_Format_Cloud_Flow_Info": {
          "actions": {
            "Compose_-_Solution_Zip_File_ID_Input": {
              "metadata": {
                "operationMetadataId": "7395a978-4f25-4303-956e-c4181f0ce4c8"
              },
              "type": "Compose",
              "inputs": "@triggerBody()?['text']"
            },
            "Compose_-_Flow_ID_List_Input": {
              "runAfter": {
                "Compose_-_Solution_Zip_File_ID_Input": [
                  "Succeeded"
                ]
              },
              "metadata": {
                "operationMetadataId": "32c7a96f-7bb0-4b79-91a4-b9e1c22758bc"
              },
              "type": "Compose",
              "inputs": "@triggerBody()['text_1']"
            },
            "Get_file_content_-_Solution_Zip": {
              "runAfter": {
                "Compose_-_Flow_Name": [
                  "Succeeded"
                ]
              },
              "metadata": {
                "%252fShared%2bDocuments%252fsolution%252fPLPaidOutsProcess_1_0_0_15.zip": "/Shared Documents/solution/PLPaidOutsProcess_1_0_0_15.zip",
                "operationMetadataId": "1269bed3-5ae6-4dee-b022-031e569b2012",
                "%252fShared%2bDocuments%252fsolution%252fKaneInternationalDailyReports_1_0_0_12.zip": "/Shared Documents/solution/KaneInternationalDailyReports_1_0_0_12.zip"
              },
              "type": "OpenApiConnection",
              "inputs": {
                "parameters": {
                  "dataset": "@parameters('TDD Solution Site URL (fa_TDDSolutionSite)')",
                  "id": "@outputs('Compose_-_Solution_Zip_File_ID_Input')",
                  "inferContentType": true
                },
                "host": {
                  "apiId": "/providers/Microsoft.PowerApps/apis/shared_sharepointonline",
                  "operationId": "GetFileContent",
                  "connectionName": "shared_sharepointonline"
                }
              }
            },
            "Compose_-_Flow_json_File": {
              "runAfter": {
                "Compose_-_Flow_ID_List_Input": [
                  "Succeeded"
                ]
              },
              "metadata": {
                "operationMetadataId": "e43caab9-fa5f-4492-a950-c14f983997f0"
              },
              "type": "Compose",
              "inputs": "@triggerBody()['text_3']"
            },
            "Get_file_content_from_a_ZIP_archive": {
              "runAfter": {
                "Get_file_content_-_Solution_Zip": [
                  "Succeeded"
                ]
              },
              "metadata": {
                "operationMetadataId": "04e66166-fad6-4b4b-b47b-9afb51187b5d"
              },
              "type": "OpenApiConnection",
              "inputs": {
                "parameters": {
                  "body/zipContentBytes": "@base64(outputs('Get_file_content_-_Solution_Zip')?['body'])",
                  "body/filePath": "@outputs('Compose_-_Flow_json_File')"
                },
                "host": {
                  "apiId": "/providers/Microsoft.PowerApps/apis/shared_fa-5fzip-20folder-20operations-5f71779ace6cb872af",
                  "operationId": "GetFileFromZip",
                  "connectionName": "shared_fa-5fzip-20folder-20operations-5f71779ace6cb872af"
                }
              }
            },
            "Compose_-_Read_json_File": {
              "runAfter": {
                "Get_file_content_from_a_ZIP_archive": [
                  "Succeeded"
                ]
              },
              "type": "Compose",
              "inputs": "@base64ToString(outputs('Get_file_content_from_a_ZIP_archive')?['body/contentBytes'])"
            },
            "Compose_-_Flow_Name": {
              "runAfter": {
                "Compose_-_Flow_json_File": [
                  "Succeeded"
                ]
              },
              "metadata": {
                "operationMetadataId": "a59bec9e-5904-4af3-8d64-a703fbf36eec"
              },
              "type": "Compose",
              "inputs": "@triggerBody()?['text_2']"
            },
            "Compose_-_Formatted_Desktop_Flow_Information": {
              "runAfter": {
                "Compose_-_Read_json_File": [
                  "Succeeded"
                ]
              },
              "metadata": {
                "operationMetadataId": "3b57565d-33dd-455d-a048-28f1efae4c3a"
              },
              "type": "Compose",
              "inputs": "Flow Name \"\"\"@{outputs('Compose_-_Flow_Name')}\"\"\"\n\n\n\nFlow Json\n\"\"\"\n@{outputs('Compose_-_Read_json_File')}\n\n\"\"\""
            },
            "Replace_words_in_text_-_Replace_Workflow_IDs_with_Flow_Names": {
              "runAfter": {
                "Compose_-_Formatted_Desktop_Flow_Information": [
                  "Succeeded"
                ]
              },
              "metadata": {
                "operationMetadataId": "e699ad0a-0c55-47b1-885a-b0a83191bcac"
              },
              "type": "OpenApiConnection",
              "inputs": {
                "parameters": {
                  "body/Replacements": "@json(outputs('Compose_-_Flow_ID_List_Input'))",
                  "body/TextToParse": "@outputs('Compose_-_Formatted_Desktop_Flow_Information')"
                },
                "host": {
                  "apiId": "/providers/Microsoft.PowerApps/apis/shared_fa-5fzip-20folder-20operations-5f71779ace6cb872af",
                  "operationId": "TextWordReplacer",
                  "connectionName": "shared_fa-5fzip-20folder-20operations-5f71779ace6cb872af"
                }
              }
            },
            "Compose_-_Cloud_Flow_Information_json": {
              "runAfter": {
                "Replace_words_in_text_-_Replace_Workflow_IDs_with_Flow_Names": [
                  "Succeeded"
                ]
              },
              "metadata": {
                "operationMetadataId": "88c85870-9eef-4ba1-8503-2ff353c919b9"
              },
              "type": "Compose",
              "inputs": "@body('Replace_words_in_text_-_Replace_Workflow_IDs_with_Flow_Names')"
            }
          },
          "runAfter": {},
          "metadata": {
            "operationMetadataId": "542f6b94-b644-4f31-a513-1c819fc57d3f"
          },
          "type": "Scope"
        }
      }
    },
    "templateName": null
  },
  "schemaVersion": "1.0.0.0"
}