{
  "properties": {
    "connectionReferences": {
      "shared_fa-5fzip-20folder-20operations-5f71779ace6cb872af": {
        "runtimeSource": "embedded",
        "connection": {
          "connectionReferenceLogicalName": "fa_sharedfa5fzip20folder20operations5f71779ace6cb872af_9b6b7"
        },
        "api": {
          "name": "shared_fa-5fzip-20folder-20operations-5f71779ace6cb872af",
          "logicalName": "fa_5Fzip-20folder-20operations"
        }
      }
    },
    "definition": {
      "$schema": "https://schema.management.azure.com/providers/Microsoft.Logic/schemas/2016-06-01/workflowdefinition.json#",
      "contentVersion": "1.0.0.0",
      "parameters": {
        "$connections": {
          "defaultValue": {},
          "type": "Object"
        },
        "$authentication": {
          "defaultValue": {},
          "type": "SecureObject"
        }
      },
      "triggers": {
        "manual": {
          "metadata": {
            "operationMetadataId": "1a71fe11-fab3-41de-aea7-a0ab34ac951e"
          },
          "type": "Request",
          "kind": "Button",
          "inputs": {
            "schema": {
              "type": "object",
              "properties": {
                "text": {
                  "title": "Desktop flow info",
                  "type": "string",
                  "x-ms-dynamically-added": true,
                  "description": "Please enter your input",
                  "x-ms-content-hint": "TEXT"
                },
                "text_1": {
                  "title": "FlowID List",
                  "type": "string",
                  "x-ms-dynamically-added": true,
                  "description": "Please enter your input",
                  "x-ms-content-hint": "TEXT"
                },
                "text_2": {
                  "description": "Please enter your input",
                  "title": "Flow Name",
                  "type": "string",
                  "x-ms-content-hint": "TEXT",
                  "x-ms-dynamically-added": true
                }
              },
              "required": [
                "text",
                "text_1",
                "text_2"
              ]
            }
          }
        }
      },
      "actions": {
        "Respond_to_a_Power_App_or_flow": {
          "runAfter": {
            "Scope_-_Extract_and_Format_Desktop_Flow_Info": [
              "Succeeded"
            ]
          },
          "metadata": {
            "operationMetadataId": "4ad97a8a-c241-4ee2-af26-90d9250b99c0"
          },
          "type": "Response",
          "kind": "PowerApp",
          "inputs": {
            "statusCode": 200,
            "body": {
              "output": "@{outputs('Compose_-_Extracted_Desktop_Flow_Information')}"
            },
            "schema": {
              "type": "object",
              "properties": {
                "output": {
                  "title": "output",
                  "x-ms-dynamically-added": true,
                  "type": "string"
                }
              }
            }
          }
        },
        "Scope_-_Extract_and_Format_Desktop_Flow_Info": {
          "actions": {
            "Compose_-_Desktop_Flow_Info_Input": {
              "runAfter": {},
              "metadata": {
                "operationMetadataId": "7395a978-4f25-4303-956e-c4181f0ce4c8"
              },
              "type": "Compose",
              "inputs": "@triggerBody()?['text']"
            },
            "Parse_JSON_-_Desktop_Flow_Info": {
              "runAfter": {
                "Compose_-_Flow_ID_List_Input": [
                  "Succeeded"
                ]
              },
              "metadata": {
                "operationMetadataId": "f93eb4ee-81b9-4f43-9a35-da7b38b72497"
              },
              "type": "ParseJson",
              "inputs": {
                "content": "@outputs('Compose_-_Desktop_Flow_Info_Input')",
                "schema": {
                  "type": "object",
                  "properties": {
                    "@@WorkflowId": {
                      "type": "string"
                    },
                    "@@Name": {
                      "type": "string"
                    },
                    "JsonFileName": {
                      "type": "string"
                    },
                    "Type": {
                      "type": "string"
                    },
                    "RunAs": {
                      "type": "string"
                    },
                    "UIFlowType": {
                      "type": "string"
                    },
                    "Inputs": {
                      "type": "string"
                    },
                    "Outputs": {
                      "type": "string"
                    },
                    "Dependencies": {
                      "type": "string"
                    },
                    "ConnectionReferences": {
                      "type": "string"
                    },
                    "Definition": {
                      "type": "string"
                    }
                  }
                }
              }
            },
            "Compose_-_Connection_References": {
              "runAfter": {
                "Scope_-_Format_Definition": [
                  "Succeeded"
                ]
              },
              "metadata": {
                "operationMetadataId": "72ef749b-b242-4b69-b284-e8d266a79ef4"
              },
              "type": "Compose",
              "inputs": "@body('Parse_JSON_-_Desktop_Flow_Info')?['ConnectionReferences']"
            },
            "Compose_-_Flow_Name": {
              "runAfter": {
                "Compose_-_Connection_References": [
                  "Succeeded"
                ]
              },
              "metadata": {
                "operationMetadataId": "a59bec9e-5904-4af3-8d64-a703fbf36eec"
              },
              "type": "Compose",
              "inputs": "@body('Parse_JSON_-_Desktop_Flow_Info')?['@Name']"
            },
            "Scope_-_Format_Inputs": {
              "actions": {
                "Compose_-_Inputs_List": {
                  "runAfter": {
                    "Compose_-_Format_Inputs": [
                      "Succeeded"
                    ]
                  },
                  "metadata": {
                    "operationMetadataId": "2955a37d-097b-4dc0-8c37-e3ef4a34d521"
                  },
                  "type": "Compose",
                  "inputs": "@outputs('Compose_-_Format_Inputs')?['schema']?['required']"
                },
                "Compose_-_Format_Inputs": {
                  "runAfter": {},
                  "metadata": {
                    "operationMetadataId": "971ff94a-3dd8-4738-bc20-a8d71f72405c"
                  },
                  "type": "Compose",
                  "inputs": "@json(body('Parse_JSON_-_Desktop_Flow_Info')?['Inputs'])"
                }
              },
              "runAfter": {
                "Parse_JSON_-_Desktop_Flow_Info": [
                  "Succeeded"
                ]
              },
              "metadata": {
                "operationMetadataId": "f59b1d80-033d-4105-b58d-d182f213ebce"
              },
              "type": "Scope"
            },
            "Scope_-_Format_Dependencies": {
              "actions": {
                "Compose_-_Desktop_Dependencies_List": {
                  "runAfter": {
                    "Compose_-_Dependencies_JSON": [
                      "Succeeded"
                    ]
                  },
                  "metadata": {
                    "operationMetadataId": "443b6c05-a37a-49ea-b9c4-568c306d6717"
                  },
                  "type": "Compose",
                  "inputs": "@outputs('Compose_-_Dependencies_JSON')?['childFlows']"
                },
                "Compose_-_Dependencies_JSON": {
                  "runAfter": {},
                  "metadata": {
                    "operationMetadataId": "afcda875-5e16-4172-a0e3-864d8fb8c753"
                  },
                  "type": "Compose",
                  "inputs": "@json(body('Parse_JSON_-_Desktop_Flow_info')?['Dependencies'])"
                }
              },
              "runAfter": {
                "Scope_-_Format_Inputs": [
                  "Succeeded"
                ]
              },
              "metadata": {
                "operationMetadataId": "f59b1d80-033d-4105-b58d-d182f213ebce"
              },
              "type": "Scope"
            },
            "Scope_-_Format_Outputs": {
              "actions": {
                "Compose_-_Output_JSON": {
                  "runAfter": {},
                  "metadata": {
                    "operationMetadataId": "2aa43f5c-53da-4da0-b05e-eab2347b6e65"
                  },
                  "type": "Compose",
                  "inputs": "@json(body('Parse_JSON_-_Desktop_Flow_info')?['Outputs'])"
                },
                "Condition_-_Check_for_Output_Schema": {
                  "actions": {
                    "Extract_keys_from_a_JSON_object_-_Extract_Output_Keys": {
                      "runAfter": {},
                      "metadata": {
                        "operationMetadataId": "b55d93b3-b028-4dfc-9b0a-d71e6e4337de"
                      },
                      "type": "OpenApiConnection",
                      "inputs": {
                        "host": {
                          "connectionName": "shared_fa-5fzip-20folder-20operations-5f71779ace6cb872af",
                          "operationId": "ExtractKeysFromJson",
                          "apiId": "/providers/Microsoft.PowerApps/apis/shared_fa-5fzip-20folder-20operations-5f71779ace6cb872af"
                        },
                        "parameters": {
                          "body/MainKey": "properties",
                          "body/Json": "@outputs('Compose_-_Output_JSON')"
                        },
                        "authentication": {
                          "type": "Raw",
                          "value": "@json(decodeBase64(triggerOutputs().headers['X-MS-APIM-Tokens']))['$ConnectionKey']"
                        }
                      }
                    },
                    "Compose_-_Output_list": {
                      "runAfter": {
                        "Extract_keys_from_a_JSON_object_-_Extract_Output_Keys": [
                          "Succeeded"
                        ]
                      },
                      "metadata": {
                        "operationMetadataId": "729a7cdf-6c8f-40df-84ad-1ee4dd3cbb67"
                      },
                      "type": "Compose",
                      "inputs": "@body('Extract_keys_from_a_JSON_object_-_Extract_Output_Keys')"
                    }
                  },
                  "runAfter": {
                    "Compose_-_Output_JSON": [
                      "Succeeded"
                    ]
                  },
                  "expression": {
                    "not": {
                      "equals": [
                        "@outputs('Compose_-_Output_JSON')?['schema']",
                        "@null"
                      ]
                    }
                  },
                  "metadata": {
                    "operationMetadataId": "98f6ab78-d3c6-4dd9-af6a-3ba4659b4e3c"
                  },
                  "type": "If"
                }
              },
              "runAfter": {
                "Scope_-_Format_Dependencies": [
                  "Succeeded"
                ]
              },
              "metadata": {
                "operationMetadataId": "f59b1d80-033d-4105-b58d-d182f213ebce"
              },
              "type": "Scope"
            },
            "Scope_-_Format_Definition": {
              "actions": {
                "Compose_-_Flow_Definition_Text": {
                  "runAfter": {},
                  "metadata": {
                    "operationMetadataId": "c8422d81-2a87-4eec-82d5-b337b7c77a94"
                  },
                  "type": "Compose",
                  "inputs": "@body('Parse_JSON_-_Desktop_Flow_Info')?['Definition']"
                },
                "Replace_words_in_text_-_Format_Flow_Definition_Text": {
                  "runAfter": {
                    "Compose_-_Definition_Replacement_JSON": [
                      "Succeeded"
                    ]
                  },
                  "metadata": {
                    "operationMetadataId": "d3e645af-6a5c-4d73-be2a-c3e0ae0eed95"
                  },
                  "type": "OpenApiConnection",
                  "inputs": {
                    "host": {
                      "connectionName": "shared_fa-5fzip-20folder-20operations-5f71779ace6cb872af",
                      "operationId": "TextWordReplacer",
                      "apiId": "/providers/Microsoft.PowerApps/apis/shared_fa-5fzip-20folder-20operations-5f71779ace6cb872af"
                    },
                    "parameters": {
                      "body/Replacements": "@outputs('Compose_-_Definition_Replacement_JSON')",
                      "body/TextToParse": "@outputs('Compose_-_Flow_Definition_Text')",
                      "body/IgnoreCase": true
                    },
                    "authentication": {
                      "type": "Raw",
                      "value": "@json(decodeBase64(triggerOutputs().headers['X-MS-APIM-Tokens']))['$ConnectionKey']"
                    }
                  }
                },
                "Compose_-_Formatted_Definition_Text": {
                  "runAfter": {
                    "Replace_words_in_text_-_Format_Flow_Definition_Text": [
                      "Succeeded"
                    ]
                  },
                  "metadata": {
                    "operationMetadataId": "c8422d81-2a87-4eec-82d5-b337b7c77a94"
                  },
                  "type": "Compose",
                  "inputs": "@body('Replace_words_in_text_-_Format_Flow_Definition_Text')"
                },
                "Compose_-_Definition_Replacement_JSON": {
                  "runAfter": {
                    "Compose_-_Flow_Definition_Text": [
                      "Succeeded"
                    ]
                  },
                  "metadata": {
                    "operationMetadataId": "466ba118-db02-4781-9896-f88f04175b24"
                  },
                  "type": "Compose",
                  "inputs": [
                    {
                      "SearchWord": "\\@((?:(?! } \\\\r\\\\n)[\\s\\S])*) } \\\\r\\\\n",
                      "UseRegex": true,
                      "InterpretEscapes": false
                    },
                    {
                      "SearchWord": "\\\\r\\\\n +}",
                      "UseRegex": true,
                      "ReplacementWord": "}"
                    },
                    {
                      "SearchWord": "\\\\n +}",
                      "UseRegex": true,
                      "ReplacementWord": "}"
                    },
                    {
                      "SearchWord": "\\\\r\\\\n +{",
                      "UseRegex": true,
                      "ReplacementWord": "{"
                    },
                    {
                      "SearchWord": "IMPORT.*?\\\\r\\\\n",
                      "UseRegex": true,
                      "InterpretEscapes": false
                    },
                    {
                      "SearchWord": "appmask\\\\[.*?\\\\]",
                      "UseRegex": true,
                      "InterpretEscapes": false
                    },
                    {
                      "SearchWord": "\\@.*?\\\\r\\\\n",
                      "UseRegex": true,
                      "InterpretEscapes": false
                    },
                    {
                      "SearchWord": "DISABLE.*?\\\\r\\\\n",
                      "UseRegex": true,
                      "InterpretEscapes": false
                    },
                    {
                      "SearchWord": "appmask\\\\[.*?\\\\]",
                      "UseRegex": true,
                      "InterpretEscapes": false
                    },
                    {
                      "SearchWord": "External.RunFlow FlowId",
                      "UseRegex": false,
                      "ReplacementWord": "Run Desktopflow",
                      "InterpretEscapes": false
                    },
                    {
                      "SearchWord": "function",
                      "UseRegex": false,
                      "ReplacementWord": "Subflow",
                      "InterpretEscapes": false
                    },
                    {
                      "SearchWord": "%*\\*%",
                      "UseRegex": true,
                      "ReplacementWord": "%\\%"
                    }
                  ]
                }
              },
              "runAfter": {
                "Scope_-_Format_Outputs": [
                  "Succeeded"
                ]
              },
              "metadata": {
                "operationMetadataId": "d4ca9f09-d2d2-4e94-a1b5-f3af5145eb48"
              },
              "type": "Scope"
            },
            "Compose_-_Flow_ID_List_Input": {
              "runAfter": {
                "Compose_-_Desktop_Flow_Info_Input": [
                  "Succeeded"
                ]
              },
              "metadata": {
                "operationMetadataId": "32c7a96f-7bb0-4b79-91a4-b9e1c22758bc"
              },
              "type": "Compose",
              "inputs": "@triggerBody()['text_1']"
            },
            "Compose_-_Formatted_Desktop_Flow_Information": {
              "runAfter": {
                "Compose_-_Flow_Name": [
                  "Succeeded"
                ]
              },
              "metadata": {
                "operationMetadataId": "3b57565d-33dd-455d-a048-28f1efae4c3a"
              },
              "type": "Compose",
              "inputs": "Flow Name @{outputs('Compose_-_Flow_Name')}\n\nInputs :\n@{outputs('Compose_-_Inputs_List')}\n\nOutputs :\n@{outputs('Compose_-_Output_list')}\n\nDesktop flow Dependencies:\n@{outputs('Compose_-_Desktop_Dependencies_List')}\n\nConnection Referencies:\n@{outputs('Compose_-_Connection_References')}\n\n\nDesktop Flow defintion:\n@{outputs('Compose_-_Formatted_Definition_Text')}"
            },
            "Replace_words_in_text_-_Replace_Workflow_IDs_with_Flow_Names": {
              "runAfter": {
                "Compose_-_Formatted_Desktop_Flow_Information": [
                  "Succeeded"
                ]
              },
              "metadata": {
                "operationMetadataId": "e699ad0a-0c55-47b1-885a-b0a83191bcac"
              },
              "type": "OpenApiConnection",
              "inputs": {
                "host": {
                  "connectionName": "shared_fa-5fzip-20folder-20operations-5f71779ace6cb872af",
                  "operationId": "TextWordReplacer",
                  "apiId": "/providers/Microsoft.PowerApps/apis/shared_fa-5fzip-20folder-20operations-5f71779ace6cb872af"
                },
                "parameters": {
                  "body/Replacements": "@json(outputs('Compose_-_Flow_ID_List_Input'))",
                  "body/TextToParse": "@outputs('Compose_-_Formatted_Desktop_Flow_Information')"
                },
                "authentication": {
                  "type": "Raw",
                  "value": "@json(decodeBase64(triggerOutputs().headers['X-MS-APIM-Tokens']))['$ConnectionKey']"
                }
              }
            },
            "Compose_-_Extracted_Desktop_Flow_Information": {
              "runAfter": {
                "Replace_words_in_text_-_Replace_Workflow_IDs_with_Flow_Names": [
                  "Succeeded"
                ]
              },
              "metadata": {
                "operationMetadataId": "88c85870-9eef-4ba1-8503-2ff353c919b9"
              },
              "type": "Compose",
              "inputs": "@body('Replace_words_in_text_-_Replace_Workflow_IDs_with_Flow_Names')"
            }
          },
          "runAfter": {},
          "metadata": {
            "operationMetadataId": "542f6b94-b644-4f31-a513-1c819fc57d3f"
          },
          "type": "Scope"
        }
      }
    },
    "templateName": ""
  },
  "schemaVersion": "1.0.0.0"
}