<environmentvariabledefinition schemaname="fa_GraphvizAPIendpoint">
  <defaultvalue>https://quickchart.io/graphviz</defaultvalue>
  <description default="The URL of the Graphviz API service (like Quickchart.io) used to convert Graphviz DOT code into an image (SVG in this case).">
    <label description="The URL of the Graphviz API service (like Quickchart.io) used to convert Graphviz DOT code into an image (SVG in this case)." languagecode="1033" />
  </description>
  <displayname default="Graphviz API endpoint URL">
    <label description="Graphviz API endpoint URL" languagecode="1033" />
  </displayname>
  <introducedversion>1.0.0.0</introducedversion>
  <iscustomizable>1</iscustomizable>
  <isrequired>0</isrequired>
  <secretstore>0</secretstore>
  <type>100000000</type>
</environmentvariabledefinition>