<environmentvariabledefinition schemaname="fa_TDDSolutionDocumentfolder">
  <apiid>/providers/microsoft.powerapps/apis/shared_sharepointonline</apiid>
  <description default="The name, (depending on the SharePoint connector configuration) of the SharePoint Document Library where solution ZIP files and generated documentation are stored. This helps the workflow target the correct library within the SharePoint site.">
    <label description="The name, (depending on the SharePoint connector configuration) of the SharePoint Document Library where solution ZIP files and generated documentation are stored. This helps the workflow target the correct library within the SharePoint site." languagecode="1033" />
  </description>
  <displayname default="TDD Document Library">
    <label description="TDD Document Library" languagecode="1033" />
  </displayname>
  <introducedversion>1.0.0.0</introducedversion>
  <iscustomizable>1</iscustomizable>
  <isrequired>0</isrequired>
  <parameterkey>table</parameterkey>
  <parentdefinitionid>
    <schemaname>fa_TDDSolutionSite</schemaname>
  </parentdefinitionid>
  <secretstore>0</secretstore>
  <type>100000004</type>
</environmentvariabledefinition>