{"swagger":"2.0","info":{"title":"Document and Text Utilities Connector","description":"This connector provides utilities for working with JSON objects, text, and documents.","version":"1.2"},"host":"api.connector","basePath":"/technicalDocumentationSolution","schemes":["https"],"consumes":["application/json"],"produces":["application/json"],"paths":{"/ExtractKeysFromJson":{"post":{"summary":"Extract keys from a JSON object","description":"Extracts a list of keys from a specified main key in a JSON object.","operationId":"ExtractKeysFromJson","x-ms-visibility":"important","parameters":[{"name":"body","in":"body","required":true,"schema":{"type":"object","properties":{"MainKey":{"type":"string","description":"MainKey"},"Json":{"type":"object","properties":{},"description":"Json"}}}}],"responses":{"default":{"description":"A list of keys from the specified main key.","schema":{"type":"array","items":{"type":"string","description":"The key name."}}}}}},"/TextWordReplacer":{"post":{"summary":"Replace words in text","description":"Replace specific words in the provided text with given replacements, optionally using regex and interpreting escape sequences.","operationId":"TextWordReplacer","x-ms-visibility":"important","parameters":[{"name":"body","in":"body","required":true,"schema":{"type":"object","properties":{"Replacements":{"type":"array","description":"List of words to replace and their replacements.","items":{"type":"object","properties":{"SearchWord":{"type":"string","description":"The word or regex to search for."},"UseRegex":{"type":"boolean","description":"Whether to treat `SearchWord` as a regex pattern. Default is false.","default":false},"ReplacementWord":{"type":"string","description":"The word to replace it with."},"InterpretEscapes":{"type":"boolean","description":"Whether to interpret escape sequences (e.g., `\\\\t`, `\\\\n`) in `ReplacementWord`. Default is false.","default":false}}}},"TextToParse":{"type":"string","description":"The text in which replacements will occur."},"IgnoreCase":{"type":"boolean","description":"Whether the replacements should ignore case.","enum":[true,false]}}}}],"responses":{"default":{"description":"The modified text.","schema":{"type":"string","description":"Text after replacements."}}}}},"/GetFileFromZip":{"post":{"summary":"Get file content from a ZIP archive","description":"Retrieves the content of a specific file from a ZIP archive using its relative path.","operationId":"GetFileFromZip","x-ms-visibility":"important","parameters":[{"name":"body","in":"body","required":true,"schema":{"type":"object","properties":{"zipContentBytes":{"type":"string","description":"Base64-encoded content of the ZIP file."},"filePath":{"type":"string","description":"Relative path of the file within the ZIP archive (e.g., /folder1/file.txt)."}},"required":["zipContentBytes","filePath"]}}],"responses":{"200":{"description":"The content of the requested file.","schema":{"type":"object","properties":{"fileName":{"type":"string","description":"Name of the file."},"fullPath":{"type":"string","description":"Full path of the file in the ZIP archive."},"contentBytes":{"type":"string","description":"Base64-encoded content of the file."},"contentSize":{"type":"integer","format":"int64","description":"Size of the file content in bytes."}}}},"400":{"description":"Invalid input parameters or ZIP content."},"404":{"description":"File not found in the ZIP archive."},"500":{"description":"Internal server error while processing the request."}}}},"/ListZipContents":{"post":{"summary":"List files in a ZIP archive","description":"Extracts and lists the contents of a provided ZIP archive, optionally filtering files by type.","operationId":"ListZipContents","x-ms-visibility":"important","parameters":[{"name":"body","in":"body","required":true,"schema":{"type":"object","properties":{"zipContentBytes":{"type":"string","description":"Base64-encoded content of the ZIP file."},"fileType":{"type":"string","description":"Optional file type to filter the response (e.g., docx, xlsx). Leave blank to include all files."}}}}],"responses":{"default":{"description":"A list of files in the ZIP archive.","schema":{"type":"object","properties":{"files":{"type":"array","description":"List of files in the ZIP archive.","items":{"type":"object","properties":{"name":{"type":"string","description":"Name of the file."},"fullName":{"type":"string","description":"Full path of the file in the ZIP archive."},"contentBytes":{"type":"string","description":"Base64-encoded content of the file."}}}},"totalFileCount":{"type":"integer","format":"int32","description":"Total number of files in the ZIP archive."},"fileTypeFilter":{"type":"string","description":"The file type used for filtering."}}}}}}}},"securityDefinitions":{}}