{"swagger":"2.0","info":{"title":"TDD Document Generator","description":"Generate a DOCX file dynamically with complex document structure including tables and bullet points","version":"1.3"},"host":"api.connector","basePath":"/docxGenerator","schemes":["https"],"consumes":["application/json"],"produces":["application/vnd.openxmlformats-officedocument.wordprocessingml.document"],"paths":{"/GenerateDocx":{"post":{"summary":"Generate TDD Custom DOCX file","description":"Create a Word document (.docx) with tables, bullet points, and sections","operationId":"GenerateDocx","x-ms-visibility":"important","parameters":[{"name":"body","in":"body","required":true,"schema":{"type":"object","properties":{"Document content":{"type":"object","properties":{"h1MainTitle":{"type":"string","description":"Main document title"},"h2MainParagraph":{"type":"string","description":"Main document paragraph"},"h1SubTitle1":{"type":"string","description":"First subtitle"},"h2SubParagraph1":{"type":"string","description":"First subparagraph"},"repeatingSection":{"type":"array","items":{"type":"object","properties":{"h2Subsection1Title":{"type":"string"},"h2Subsection1Paragraph":{"type":"string"},"h2bulletPoints1SubTitle":{"type":"string"},"bulletPoints1":{"type":"array","items":{"type":"string"}},"h2bulletPoints2SubTitle":{"type":"string"},"bulletPoints2":{"type":"array","items":{"type":"string"}},"h2table1SubTitle":{"type":"string"},"table1":{"type":"object","properties":{"rows":{"type":"array","items":{"type":"object"}}}},"h2table2SubTitle":{"type":"string"},"table2":{"type":"object","properties":{"rows":{"type":"array","items":{"type":"object"}}}},"h2Subsection2Title":{"type":"string"},"h2Subsection2Paragraph":{"type":"string"},"h2bulletPoints3SubTitle":{"type":"string"},"bulletPoints3":{"type":"array","items":{"type":"string"}},"h2bulletPoints4SubTitle":{"type":"string"},"bulletPoints4":{"type":"array","items":{"type":"string"}},"h2table3SubTitle":{"type":"string"},"table3":{"type":"object","properties":{"rows":{"type":"array","items":{"type":"object"}}}},"h2table4SubTitle":{"type":"string"},"table4":{"type":"object","properties":{"rows":{"type":"array","items":{"type":"object"}}}}}}},"h1SubTitle2":{"type":"string","description":"Second subtitle"},"h2SubParagraph2":{"type":"string","description":"Second subparagraph"},"generatedDate":{"type":"string","description":"Document generation date"}}},"ContentTypesXml":{"type":"string"},"StylesXml":{"type":"string"},"DocumentRelsXml":{"type":"string"},"CoreXml":{"type":"string"},"AppXml":{"type":"string"},"ThemeXml":{"type":"string"},"RelsXml":{"type":"string"},"FontTableXml":{"type":"string"},"NumberingXml":{"type":"string"},"SettingsXml":{"type":"string"},"WebSettingsXml":{"type":"string"},"Document Filename":{"type":"string"}}}}],"responses":{"default":{"description":"The generated DOCX file","schema":{"type":"file","format":"binary"}}}}}},"securityDefinitions":{}}